statistics,TD_Kneeadduction,TO_Kneeadduction,TD_Kneeflexion,TD_Hipflexion,TD_Ankledorsiflexion,TO_Kneeflexion,TO_Hipflexion,TO_Ankledorsiflexion
mean,-3.1811284501442594,-9.353142773174945,-3.7066443034140186,22.783993396151008,7.157488789445787,35.74916882684572,-18.781847905902833,-10.456295848740297
std,5.479362842252664,7.047743157716646,2.783965836191732,3.6523863127162355,1.7238410778337405,6.5260042555797835,6.065609227223886,2.1105378480110444
min,-14.10267093320735,-24.229066983511444,-9.056681315000615,14.598236550771103,4.822530402338828,23.885377394764475,-30.144405378368305,-15.045380785391655
max,2.934394035566527,-2.6335211979155417,0.1874327465537533,28.08242002863983,10.05878536800445,45.21978663486672,-10.39737988851624,-7.732404175906126
range,17.037064968773876,21.595545785595903,9.244114061554368,13.484183477868728,5.236254965665623,21.334409240102246,19.747025489852064,7.3129766094855295
