statistics,TD_Kneeadduction,TO_Kneeadduction,TD_Kneeflexion,TD_Hipflexion,TD_Ankledorsiflexion,TO_Kneeflexion,TO_Hipflexion,TO_Ankledorsiflexion
mean,-3.4152563464857715,-10.2387094827362,1.1954948001465031,22.447671882115433,-3.9630017515430205,35.05371566069174,-18.44507033121642,4.869017658192836
std,5.198451293175153,6.533577992471186,1.801639959918022,2.7814891251938123,1.7644929910433627,5.31667571170318,8.115105183985523,2.807316420098237
min,-13.237703737927148,-24.34295115191901,-1.1103235619445968,17.890111948768862,-7.113839276754248,25.699796549639583,-39.67173807468649,0.3546281164481115
max,2.8264763317216364,-4.207353118762342,6.019379036199695,27.33372778529736,-0.5656524060670023,42.701248590344136,-10.603670710220769,9.8380106050234
range,16.064180069648785,20.13559803315667,7.129702598144291,9.443615836528497,6.548186870687246,17.001452040704553,29.06806736446572,9.48338248857529
