statistics,TD_Kneeadduction,TO_Kneeadduction,TD_Kneeflexion,TD_Hipflexion,TD_Ankledorsiflexion,TO_Kneeflexion,TO_Hipflexion,TO_Ankledorsiflexion
mean,-3.1811284501442594,-9.353142773174945,-1.3852846508287868,22.8667873004986,5.570696764734158,35.56776919105315,-18.19522543793727,-7.848686484480286
std,5.479362842252664,7.047743157716646,2.1077425026653023,2.9384255280905793,1.7669576724261948,5.878333274962091,5.784471488819207,2.335035587609074
min,-14.10267093320735,-24.229066983511444,-5.3619274838522415,16.55532880438099,2.4302529349623256,24.9858238577269,-28.998536830090018,-12.69235205602864
max,2.934394035566527,-2.6335211979155417,3.3850429449471164,27.79732836128278,8.697475955611608,44.12575947021662,-10.622357488780407,-4.765782263124308
range,17.037064968773876,21.595545785595903,8.746970428799358,11.241999556901789,6.267223020649283,19.139935612489722,18.37617934130961,7.926569792904331
