statistics,TD_Kneeflexion,TD_Hipflexion,TD_Ankledorsiflexion,TO_Kneeflexion,TO_Hipflexion,TO_Ankledorsiflexion,TD_Kneeadduction,TO_Kneeadduction
mean,-1.3846465332183986,22.866740439295324,-5.5700208831142985,35.567712686873286,-18.195011165198988,7.847740948886969,-4.123059335273143,-10.513971840042835
std,2.1076680149980738,2.938239037833586,1.76695596991533,5.8781324194126565,5.78438197040076,2.335095678308849,4.5458018431939395,5.616548737565891
min,-5.360095028705814,16.555606606962755,-8.697021004365084,24.986145954144437,-28.997916018992186,4.763484559417591,-12.515204067118503,-21.723457075868797
max,3.3864854414047727,27.797078396519765,-2.429580145449293,44.125407270486704,-10.62244825893464,12.69104814824138,2.119392071050271,-3.94226532395848
range,8.746580470110587,11.24147178955701,6.267440858915791,19.139261316342267,18.375467760057546,7.927563588823789,14.634596138168774,17.781191751910317
