statistics,TD_Kneeadduction,TO_Kneeadduction,TD_Kneeflexion,TD_Hipflexion,TD_Ankledorsiflexion,TO_Kneeflexion,TO_Hipflexion,TO_Ankledorsiflexion
mean,0.7662993160120166,-4.632946423490483,1.92681797850166,24.61076246850224,12.071992807941141,33.86171973848606,-16.898657138852222,3.0793857844423336
std,1.9366872192362705,7.461044693811137,3.2504248229015142,2.9163555300012067,2.5885584970675097,4.64999062253674,1.8700026888493135,2.519790886174614
min,-1.7749828718220328,-23.77111605176833,-0.9365617925703588,20.890878547574346,8.98789048286038,27.994386394798823,-20.370825376437608,-0.8950330497891343
max,4.637057519013325,1.860855740892788,8.897737184468951,30.64030239015443,17.512017921920815,38.544761625296985,-14.77241476735972,5.813711608251026
range,6.412040390835358,25.63197179266112,9.83429897703931,9.749423842580086,8.524127439060436,10.550375230498162,5.598410609077888,6.70874465804016
