statistics,TD_Kneeflexion,TD_Hipflexion,TD_Ankledorsiflexion,TO_Kneeflexion,TO_Hipflexion,TO_Ankledorsiflexion,TD_Kneeadduction,TO_Kneeadduction
mean,1.7461771846063197,18.28700133551491,-12.542997261897787,33.03223583280276,-18.338192819540115,-2.499243067075857,0.766246582457093,-4.6330542155239085
std,3.6462658944532587,16.005946482308556,2.2719611252731293,4.040064600422645,4.358942033562408,2.705308287643423,1.9366819431083673,7.461182259768212
min,-4.405164491991116,-28.744257800927585,-17.511173034342647,27.99468924052752,-30.262510174020772,-5.814624498488982,-1.774994723847641,-23.771137494365888
max,8.897974285028823,30.639691641529737,-8.987603088312625,38.54520902808204,-14.329310103753272,1.9035571085277208,4.63701081222888,1.8610152847690813
range,13.303138777019939,59.38394944245732,8.523569946030022,10.55051978755452,15.9332000702675,7.718181607016703,6.412005536076521,25.63215277913497
