statistics,TD_Kneeadduction,TO_Kneeadduction,TD_Kneeflexion,TD_Hipflexion,TD_Ankledorsiflexion,TO_Kneeflexion,TO_Hipflexion,TO_Ankledorsiflexion
mean,0.6154115417435193,-4.787057308261429,3.487974651477122,17.69915515367534,-11.73007362622233,33.71180601360401,-25.265150687352175,-4.328202737802442
std,1.87441669078249,7.564007501375493,3.2496866411956655,14.14047931858083,2.066313833519063,3.6393153048334526,18.339765145167473,2.3975460533198314
min,-1.6113182821533485,-22.90809242398745,-2.111166464912202,-17.810024588593905,-15.680722341638642,28.618900755864843,-64.33313893705488,-7.848519239912491
max,4.689491925854526,2.021427811782217,9.868760046312104,29.50197192865207,-8.281376474452983,39.12261461212961,-12.444446278168158,-0.91056262980905
range,6.300810208007874,24.92952023576967,11.979926511224306,47.31199651724597,7.399345867185659,10.503713856264767,51.888692658886725,6.937956610103441
