statistics,TD_Kneeadduction,TO_Kneeadduction,TD_Kneeflexion,TD_Hipflexion,TD_Ankledorsiflexion,TO_Kneeflexion,TO_Hipflexion,TO_Ankledorsiflexion
mean,0.7662993160120166,-4.632946423490483,0.6811137565451766,25.589624955751656,12.608323412234752,33.20068869952868,-17.859731174216137,1.2697221136063526
std,1.9366872192362705,7.461044693811137,3.3289556767684942,3.0778165849397543,2.7329508327796734,4.908862949384896,2.615565169635052,2.775746317067877
min,-1.7749828718220328,-23.77111605176833,-2.1376621846299884,21.63806413029093,9.780302657058968,26.475987619459005,-22.591290681926665,-3.131438232863161
max,4.637057519013325,1.860855740892788,8.139462678185964,31.97160735131388,18.92767373971104,38.3559651370721,-14.47298260742778,4.250941909661435
range,6.412040390835358,25.63197179266112,10.277124862815953,10.333543221022953,9.147371082652072,11.879977517613092,8.118308074498886,7.382380142524596
