TD_Kneeadduction_1,TD_Kneeadduction_2,TD_Kneeadduction_3,TD_Kneeadduction_4,TO_Kneeadduction_1,TO_Kneeadduction_2,TO_Kneeadduction_3,TO_Kneeadduction_4,TD_Kneeflexion_1,TD_Hipflexion_1,TD_Ankledorsiflexion_1,TD_Kneeflexion_2,TD_Hipflexion_2,TD_Ankledorsiflexion_2,TD_Kneeflexion_3,TD_Hipflexion_3,TD_Ankledorsiflexion_3,TD_Kneeflexion_4,TD_Hipflexion_4,TD_Ankledorsiflexion_4,TO_Kneeflexion_1,TO_Hipflexion_1,TO_Ankledorsiflexion_1,TO_Kneeflexion_2,TO_Hipflexion_2,TO_Ankledorsiflexion_2,TO_Kneeflexion_3,TO_Hipflexion_3,TO_Ankledorsiflexion_3,TO_Kneeflexion_4,TO_Hipflexion_4,TO_Ankledorsiflexion_4
0.3757821093977327,-0.5520449525724871,0.393045974927162,0.0086118735108868,0.4002640104065449,1.860855740892788,-4.527353811192228,-11.777933905758204,,,,,,,,,,,,,,,,,,,,,,,,
-1.7749828718220328,3.2770966913035693,0.1283261078265525,2.842281437641958,0.3751282791434107,-0.0333272983060624,-5.577003766376549,-23.77111605176833,,,,,,,,,,,,,,,,,,,,,,,,
4.637057519013325,1.1521947587882266,-1.6596005694052849,0.367823713534591,0.9159452580566096,1.2586469314134376,-7.312159510863807,-7.407302957533403,,,,,,,,,,,,,,,,,,,,,,,,
,,,,,,,,8.897737184468951,30.64030239015443,11.18157914515288,1.1686373666154566,25.70929859565959,11.645790285435666,-0.9365617925703588,23.711569976673985,12.808081625384332,0.2323495459712887,24.665043994963213,9.912271728606669,37.78429610986129,-16.794172449160783,4.024456427974471,38.544761625296985,-15.07768954354404,4.453321217729197,29.33014548823769,-20.370825376437608,3.72520638160735,28.115876913863588,-14.77241476735972,5.813711608251026
,,,,,,,,4.5704518497039714,25.58668836524339,8.98789048286038,1.087261713604704,23.07495274267154,13.14288346249988,0.3426383820839191,22.60736513507743,11.385427811668508,0.0520295781353468,20.890878547574346,17.512017921920815,38.3756812323744,-17.40581744865969,-0.8950330497891343,36.12004301469236,-16.997811204855395,0.3132580992988067,34.62856712876331,-15.417736403882714,1.3886098104043043,27.994386394798823,-18.35278991691783,5.811555780062648
