statistics,TD_Kneeadduction,TO_Kneeadduction,TD_Kneeflexion,TD_Hipflexion,TD_Ankledorsiflexion,TO_Kneeflexion,TO_Hipflexion,TO_Ankledorsiflexion
mean,-1.512525227938694,-4.676171499547166,2.215722008206784,28.76634198367772,-11.91936518660989,37.69791150516427,-10.854561744451566,-0.012165212510263737
std,5.198689542616338,3.336819233922459,5.621424286958807,34.38987941168299,28.189395238934274,14.574718512458048,19.97020228039081,3.125301984834114
min,-8.488267782791297,-10.245040031380569,-4.159233055342014,-8.854224763157788,-86.81921494533044,1.5017722594277243,-40.90421154609939,-5.498535909730904
max,6.591807919301118,1.3133576859905816,12.659864213624957,116.25953313197728,0.2143112589678111,50.53781228787077,21.27532800783752,4.273683369241155
range,15.080075702092415,11.55839771737115,16.81909726896697,125.11375789513507,87.03352620429825,49.03604002844305,62.179539553936905,9.77221927897206
