statistics,TD_Kneeadduction,TO_Kneeadduction,TD_Kneeflexion,TD_Hipflexion,TD_Ankledorsiflexion,TO_Kneeflexion,TO_Hipflexion,TO_Ankledorsiflexion
mean,-1.6650217434586807,-4.194167879328284,-0.9716112035214101,21.639878391426453,3.7871160070953636,44.98308851137951,-5.623616884034869,-2.130430563912475
std,5.335938168452338,3.263943231717664,4.406854550735022,2.027550419106535,2.839072114057132,7.823826842231469,9.995014873727841,3.505341374883329
min,-8.109017686954502,-9.079342856748667,-6.726283316506056,18.1610876619211,1.0441288183634327,35.17978918645852,-15.17913559530595,-5.20760881631675
max,6.784324668516945,1.2010236965442402,3.826685900735498,23.719845632822256,8.062773079719776,53.34229191558947,8.789785113237713,3.5554345149233484
range,14.893342355471447,10.280366553292907,10.552969217241554,5.558757970901155,7.018644261356343,18.16250272913095,23.968920708543664,8.763043331240098
