statistics,TD_Kneeflexion,TD_Hipflexion,TD_Ankledorsiflexion,TO_Kneeflexion,TO_Hipflexion,TO_Ankledorsiflexion,TD_Kneeadduction,TO_Kneeadduction
mean,-1.729631587926769,22.611702344929423,-3.8596517155845333,37.79059763381041,0.1169331676257297,1.6974356051610409,-2.0728065623796397,-5.175092701823916
std,3.9711135640812754,3.4092624705804644,3.793219751854434,16.245447823851073,16.50559075538683,3.7904491144006003,4.9800423727809955,3.1886958444006113
min,-6.728712538874788,18.161813320640107,-10.975765155273663,-2.2062834188085105,-15.179856956527914,-4.500052815439474,-9.522676240335016,-10.89042554975535
max,3.822672675608999,30.47792571510845,0.421711942434527,53.3463148833828,29.99734511266297,6.760446109851444,5.458299070168664,0.5841798549908219
range,10.551385214483787,12.316112394468345,11.39747709770819,55.55259830219131,45.17720206919088,11.260498925290918,14.98097531050368,11.474605404746171
