statistics,TD_Kneeadduction,TO_Kneeadduction,TD_Kneeflexion,TD_Hipflexion,TD_Ankledorsiflexion,TO_Kneeflexion,TO_Hipflexion,TO_Ankledorsiflexion
mean,-1.6650217434586807,-4.194167879328284,-3.5045113611124727,21.198868161612555,4.843250373797997,45.33777988624204,-4.971304081090449,-3.547577206875374
std,5.335938168452338,3.263943231717664,3.8972328514895356,1.5160025997807212,3.124623020748338,9.171364827893314,11.416431373948187,4.4043892124800905
min,-8.109017686954502,-9.079342856748667,-8.60665049823453,18.680381603726744,1.4660996505763677,33.87283977501713,-15.736296114576191,-7.179419656743548
max,6.784324668516945,1.2010236965442402,0.7915979299779963,22.9749561374787,10.111996892585909,55.70398104580613,11.947913052551344,3.490266130025063
range,14.893342355471447,10.280366553292907,9.398248428212526,4.294574533751955,8.645897242009541,21.831141270789004,27.684209167127534,10.66968578676861
