TD_Kneeadduction_1,TD_Kneeadduction_2,TD_Kneeadduction_3,TO_Kneeadduction_1,TO_Kneeadduction_2,TO_Kneeadduction_3,TD_Kneeflexion_1,TD_Hipflexion_1,TD_Ankledorsiflexion_1,TD_Kneeflexion_2,TD_Hipflexion_2,TD_Ankledorsiflexion_2,TD_Kneeflexion_3,TD_Hipflexion_3,TD_Ankledorsiflexion_3,TO_Kneeflexion_1,TO_Hipflexion_1,TO_Ankledorsiflexion_1,TO_Kneeflexion_2,TO_Hipflexion_2,TO_Ankledorsiflexion_2,TO_Kneeflexion_3,TO_Hipflexion_3,TO_Ankledorsiflexion_3
-3.920161559155304,2.5990749592639872,6.784324668516945,-5.506228670156361,-4.515285863383326,-2.08764750690068,,,,,,,,,,,,,,,,,,
-8.109017686954502,-5.084517317544027,1.0899395990467156,-9.079342856748667,1.2010236965442402,-6.512427882859754,,,,,,,,,,,,,,,,,,
-3.969530253417673,-7.951913057614604,3.5766049567303355,-3.579192647269622,-0.6735197620317308,-6.994889421148656,,,,,,,,,,,,,,,,,,
,,,,,,-0.914331002456464,22.394355869911838,1.4660996505763677,-1.2194114793599908,20.692929810470247,10.111996892585909,-8.60665049823453,21.61739950460725,5.326093540335123,33.87283977501713,-15.736296114576191,-1.9855886151889592,52.282527155378446,0.4939453251095926,-7.179419656743548,,,
,,,,,,0.7915979299779963,22.9749561374787,2.6157554965550247,-3.168100336300199,20.833186043480566,6.260724505564426,-7.91017278030165,18.680381603726744,3.278832157171138,38.40009443663084,-14.084041061338183,3.490266130025063,46.42945701837763,-7.478041607198804,-6.246967899930894,55.70398104580613,11.947913052551344,-5.816175992538533
