TD_Kneeadduction_1,TD_Kneeadduction_2,TD_Kneeadduction_3,TO_Kneeadduction_1,TO_Kneeadduction_2,TO_Kneeadduction_3,TD_Kneeflexion_1,TD_Hipflexion_1,TD_Ankledorsiflexion_1,TD_Kneeflexion_2,TD_Hipflexion_2,TD_Ankledorsiflexion_2,TD_Kneeflexion_3,TD_Hipflexion_3,TD_Ankledorsiflexion_3,TO_Kneeflexion_1,TO_Hipflexion_1,TO_Ankledorsiflexion_1,TO_Kneeflexion_2,TO_Hipflexion_2,TO_Ankledorsiflexion_2,TO_Kneeflexion_3,TO_Hipflexion_3,TO_Ankledorsiflexion_3
-3.920161559155304,2.5990749592639872,6.784324668516945,-5.506228670156361,-4.515285863383326,-2.08764750690068,,,,,,,,,,,,,,,,,,
-8.109017686954502,-5.084517317544027,1.0899395990467156,-9.079342856748667,1.2010236965442402,-6.512427882859754,,,,,,,,,,,,,,,,,,
-3.969530253417673,-7.951913057614604,3.5766049567303355,-3.579192647269622,-0.6735197620317308,-6.994889421148656,,,,,,,,,,,,,,,,,,
,,,,,,1.9713409112037537,23.46429348178151,1.0441288183634327,1.177357374430528,21.75875462295869,8.062773079719776,-6.726283316506056,20.80385805497096,5.344389530162289,35.17978918645852,-15.17913559530595,-1.1622967705858829,51.39113903906292,-0.2467980071654381,-5.20760881631675,,,
,,,,,,3.826685900735498,23.719845632822256,1.1839639430182842,0.0534727873835265,21.93143089410421,5.152515820441948,-6.132240878375711,18.1610876619211,1.934924850866452,38.931477306037976,-13.844389376730277,3.5554345149233484,46.070745109748685,-7.637546554210388,-4.01232619706964,53.34229191558947,8.789785113237713,-3.82535555051345
