statistics,TD_Kneeadduction,TO_Kneeadduction,TD_Kneeflexion,TD_Hipflexion,TD_Ankledorsiflexion,TO_Kneeflexion,TO_Hipflexion,TO_Ankledorsiflexion
mean,0.5024358762666074,-6.81961363859212,5.091422645843184,26.41497028332381,-6.51257913456601,41.261177682751,-10.703907342604593,-0.49641922337916117
std,3.0612816870312285,6.927736582186129,3.4091973200283507,2.3646632885248478,1.909068162374362,5.722113565090405,5.102980415903909,4.236290280402705
min,-6.660403599771769,-21.73410105778825,-0.1521306311208832,22.17129262936666,-10.797828235973,30.606802588090066,-17.979020470140142,-8.56241372565134
max,5.542740133505248,-0.2690557229620935,10.320637688230192,30.89402379982556,-3.4521859251998137,50.499208768897205,-0.621976678147405,5.146106216469093
range,12.203143733277017,21.465045334826158,10.472768319351076,8.7227311704589,7.3456423107731865,19.89240618080714,17.357043791992737,13.708519942120432
