statistics,TD_Kneeadduction,TO_Kneeadduction,TD_Kneeflexion,TD_Hipflexion,TD_Ankledorsiflexion,TO_Kneeflexion,TO_Hipflexion,TO_Ankledorsiflexion
mean,0.7461436198117184,-6.888158584476176,-0.2005047719134486,26.28622661424835,7.244668346266368,40.280875456607724,-11.258500069456424,-4.040505353373093
std,3.443894330099608,7.337123011572196,3.713857913088856,2.7334544119657354,1.7903145367957045,6.553092498978981,5.854756314503454,5.5432228028956585
min,-7.096382186691358,-23.06235662571569,-7.809497279329321,21.323691417073945,4.465729619671549,27.74736527178385,-19.822638417640576,-11.316947521362394
max,6.006208487937215,-0.4452508017318735,5.937430719375584,31.64901273896507,11.629110310823831,50.249108013262514,-0.2764653953624929,6.60377777289591
range,13.102590674628573,22.617105823983817,13.746927998704905,10.325321321891124,7.163380691152282,22.501742741478665,19.546173022278083,17.920725294258304
