statistics,TD_Kneeadduction,TO_Kneeadduction,TD_Kneeflexion,TD_Hipflexion,TD_Ankledorsiflexion,TO_Kneeflexion,TO_Hipflexion,TO_Ankledorsiflexion
mean,0.7461436198117184,-6.888158584476176,2.320761006577657,26.494233080206374,6.923086294462476,40.87878372742113,-10.94857273083015,-1.7998640144220712
std,3.443894330099608,7.337123011572196,3.5857950318172733,2.5742797615341,1.8935583957649034,6.179956139914096,5.565658627278124,4.853871380508289
min,-7.096382186691358,-23.06235662571569,-4.304107537565102,21.690571581850207,4.198003970639888,29.27191200648596,-19.01025056225194,-7.975637571574822
max,6.006208487937215,-0.4452508017318735,8.23624125992555,31.579763256591264,11.489553702110795,50.59853584601737,-0.3042286612580369,7.670835221264895
range,13.102590674628573,22.617105823983817,12.540348797490651,9.889191674741056,7.291549731470907,21.32662383953141,18.706021900993903,15.646472792839717
