statistics,TD_Kneeadduction,TO_Kneeadduction,TD_Kneeflexion,TD_Hipflexion,TD_Ankledorsiflexion,TO_Kneeflexion,TO_Hipflexion,TO_Ankledorsiflexion
mean,-0.03411464319665214,-6.331234819599024,2.3228548407130822,26.49427936975324,-6.922850058187365,40.87928070874178,-10.948358060006925,1.7979533543498494
std,2.46035982034636,5.9649699546302815,3.5856412425641135,2.574159710101132,1.893673780938212,6.179609809059692,5.5653631323681365,4.853297240685169
min,-6.215688484589293,-18.6196168717336,-4.301403850858605,21.690930160791027,-11.489359150257528,29.27349281682137,-19.00908528648665,-7.671435965112707
max,4.034588780476838,-0.0239723000053402,8.237829603019776,31.57957145524628,-4.197173300777308,50.59898015599455,-0.304389641708525,7.973843959712298
range,10.250277265066131,18.59564457172826,12.539233453878381,9.888641294455255,7.292185849480219,21.325487339173183,18.704695644778123,15.645279924825005
