TD_Kneeadduction_1,TD_Kneeadduction_2,TD_Kneeadduction_3,TD_Kneeadduction_4,TO_Kneeadduction_1,TO_Kneeadduction_2,TO_Kneeadduction_3,TO_Kneeadduction_4,TD_Kneeflexion_1,TD_Hipflexion_1,TD_Ankledorsiflexion_1,TD_Kneeflexion_2,TD_Hipflexion_2,TD_Ankledorsiflexion_2,TD_Kneeflexion_3,TD_Hipflexion_3,TD_Ankledorsiflexion_3,TD_Kneeflexion_4,TD_Hipflexion_4,TD_Ankledorsiflexion_4,TO_Kneeflexion_1,TO_Hipflexion_1,TO_Ankledorsiflexion_1,TO_Kneeflexion_2,TO_Hipflexion_2,TO_Ankledorsiflexion_2,TO_Kneeflexion_3,TO_Hipflexion_3,TO_Ankledorsiflexion_3,TO_Kneeflexion_4,TO_Hipflexion_4,TO_Ankledorsiflexion_4
-7.096382186691358,6.006208487937215,0.0623039337778266,3.4968128471631985,-9.090287845309348,-7.831572980748149,-1.958985769305542,,,,,,,,,,,,,,,,,,,,,,,,,
-0.2419361192849294,0.2982962614295559,-1.4341330212494938,5.754763865243859,-0.4452508017318735,-3.3199781036122147,-1.529112733771882,-23.06235662571569,,,,,,,,,,,,,,,,,,,,,,,,
1.7076677546183987,0.1532422725267395,0.4307224905451789,-0.1838431482755709,-0.97560845645296,-0.787851113823109,-11.492672464403142,-15.276067534364016,,,,,,,,,,,,,,,,,,,,,,,,
,,,,,,,,4.051079914581351,25.54863571111173,4.198003970639888,1.8115079712200952,27.36903335641719,8.016349101866936,2.8679625091438083,27.579923753679708,7.666061931053903,-3.304839297215949,21.690571581850207,6.880717244795591,29.27191200648596,-19.01025056225194,-5.590465256510001,50.59853584601737,-0.3042286612580369,4.763139059158775,37.780249138148974,-16.024724736961076,-1.637271535992724,42.70826626831047,-7.678218499881154,-1.894521633123404
,,,,,,,,8.23624125992555,31.579763256591264,6.4183856176452565,5.042460117891267,28.545310242878717,11.489553702110795,3.0723418177999804,25.74489005063012,7.660942559750836,-0.4935300126863922,24.63073819355748,4.399518708015592,35.06385185999821,-18.803341433526924,-2.616770750085493,43.76296430910381,-12.438953510706966,-7.975637571574822,43.026341848850365,-10.785210399987818,7.670835221264895,42.9468609800569,-6.841580159987757,3.294884943514063
,,,,,,,,5.370964484157582,26.103822382495625,5.450846943835458,3.695853328563089,28.95177930937857,7.063691288912594,1.8031975231166089,26.268145077162103,7.0876165687786,-4.304107537565102,23.91818404672378,6.745347896144267,32.27253274119465,-14.535958305639468,-2.486140213086202,41.07614611551793,-10.200159829398077,-5.914685357106649,46.04192487845236,-9.151711409913505,-1.952990818936911,45.99581873691656,-5.608535260449088,-7.258744260586383
