TD_Kneeadduction_1,TD_Kneeadduction_2,TD_Kneeadduction_3,TD_Kneeadduction_4,TO_Kneeadduction_1,TO_Kneeadduction_2,TO_Kneeadduction_3,TO_Kneeadduction_4,TD_Kneeflexion_1,TD_Hipflexion_1,TD_Ankledorsiflexion_1,TD_Kneeflexion_2,TD_Hipflexion_2,TD_Ankledorsiflexion_2,TD_Kneeflexion_3,TD_Hipflexion_3,TD_Ankledorsiflexion_3,TD_Kneeflexion_4,TD_Hipflexion_4,TD_Ankledorsiflexion_4,TO_Kneeflexion_1,TO_Hipflexion_1,TO_Ankledorsiflexion_1,TO_Kneeflexion_2,TO_Hipflexion_2,TO_Ankledorsiflexion_2,TO_Kneeflexion_3,TO_Hipflexion_3,TO_Ankledorsiflexion_3,TO_Kneeflexion_4,TO_Hipflexion_4,TO_Ankledorsiflexion_4
-6.215688484589293,4.034588780476838,0.3499904535855478,0.6429260185616386,-8.08621998689432,-7.580129122353242,-3.721360474333892,,,,,,,,,,,,,,,,,,,,,,,,,
0.049829507631415,0.0596151454331277,-1.646387270481597,2.1369993156080795,-0.0949133712449281,-3.3886287669809576,-2.766209114141958,-18.6196168717336,,,,,,,,,,,,,,,,,,,,,,,,
1.331788359040985,0.2238205644393645,0.0523422980089947,-1.4292004060749264,-0.0239723000053402,-1.6623128558750864,-9.548287616803918,-14.151932535222016,,,,,,,,,,,,,,,,,,,,,,,,
,,,,,,,,5.373748765322972,26.10475749422207,-5.450278547106692,3.697600143262832,28.951683984337308,-7.063663085626772,1.805032606010485,26.267878157239664,-7.087306610018544,-4.301403850858605,23.91847698685044,-6.745531900013333,32.273286973808894,-14.53674306598731,2.48470648131044,41.07634609970572,-10.199965505594264,5.912575345971064,46.04190749960628,-9.15193633416996,1.9499192098718223,45.995856179756,-5.608599417224951,7.255723308769831
,,,,,,,,8.237829603019776,31.57957145524628,-6.41833313143276,5.044044759542743,28.54540289349288,-11.489359150257528,3.0735831923173578,25.744890510009327,-7.66101766140298,-0.4932767409937355,24.630316062224693,-4.399187282677616,35.0645857281815,-18.802860712444783,2.615465995914235,43.76328662774108,-12.438149096411252,7.973843959712298,43.02667055272372,-10.78461121227096,-7.671435965112707,42.94699561424571,-6.841903846891228,-3.2960618649932627
,,,,,,,,4.053706874362007,25.548706539583463,-4.197173300777308,1.814824603112441,27.369415146299048,-8.015791297074642,2.870512757884484,27.579323046742644,-7.666012007094267,-3.301944624425772,21.690930160791027,-6.880546724765935,29.27349281682137,-19.00908528648665,5.588846109850053,50.59898015599455,-0.304389641708525,-4.763508604994101,37.78095008292212,-16.024017284235867,1.6343691636443651,42.70901017339446,-7.678035316657343,1.890997112254155
