TD_Kneeadduction_1,TD_Kneeadduction_2,TD_Kneeadduction_3,TD_Kneeadduction_4,TO_Kneeadduction_1,TO_Kneeadduction_2,TO_Kneeadduction_3,TO_Kneeadduction_4,TD_Kneeflexion_1,TD_Hipflexion_1,TD_Ankledorsiflexion_1,TD_Kneeflexion_2,TD_Hipflexion_2,TD_Ankledorsiflexion_2,TD_Kneeflexion_3,TD_Hipflexion_3,TD_Ankledorsiflexion_3,TD_Kneeflexion_4,TD_Hipflexion_4,TD_Ankledorsiflexion_4,TO_Kneeflexion_1,TO_Hipflexion_1,TO_Ankledorsiflexion_1,TO_Kneeflexion_2,TO_Hipflexion_2,TO_Ankledorsiflexion_2,TO_Kneeflexion_3,TO_Hipflexion_3,TO_Ankledorsiflexion_3,TO_Kneeflexion_4,TO_Hipflexion_4,TO_Ankledorsiflexion_4
-6.660403599771769,5.542740133505248,0.2671993446184046,2.39586649642348,-8.311018900452126,-7.889783033945577,-2.763811570978902,,,,,,,,,,,,,,,,,,,,,,,,,
-0.0846491181027886,0.1409727346506883,-1.5265254085951767,4.423569007526595,-0.2690557229620935,-3.4030071422593835,-2.141499502369925,-21.73410105778825,,,,,,,,,,,,,,,,,,,,,,,,
1.6258180078979478,0.1516712469693288,0.4235715996701117,-0.6705999295927825,-0.5105932057029179,-1.364716152412484,-11.404804184227316,-15.223359551414347,,,,,,,,,,,,,,,,,,,,,,,,
,,,,,,,,6.510902134068772,25.455487376964072,-3.4521859251998137,5.344973651042437,27.52577408320377,-7.359261766045705,5.510663193972448,26.96454912391127,-7.489514477297519,-0.1521306311208832,22.17129262936666,-6.463808055553457,30.606802588090066,-17.979020470140142,3.993521600954864,50.499208768897205,-0.621976678147405,-5.506800765860177,38.29043861260081,-15.112303726386216,-0.9713205553862848,43.27180795098539,-7.1701166730357215,-0.9911807104561916
,,,,,,,,10.320637688230192,30.89402379982556,-5.988337827316116,7.650770748057255,28.502724332925453,-10.797828235973,5.310279261867862,25.644036958645728,-7.686433320483914,0.6666655360489528,24.078859855856308,-4.101917862892051,35.98526855069562,-17.947444537989327,0.6993762195888991,44.10224811276021,-11.240434451219896,5.146106216469093,43.25349939214374,-9.677974515416366,-8.56241372565134,42.99871376870465,-7.0519857303062565,-5.201014371753033
,,,,,,,,8.89318226863901,26.90134149025255,-4.775994941972542,6.647807013853594,28.73102776695012,-6.815263528703781,4.53575588519621,25.852744379853533,-6.3905643309337,-0.1424349997376452,24.25778160213073,-6.829839342420513,33.30316515786538,-15.06395315553317,0.5222142661839797,41.11412544116882,-9.929020487686074,3.139151956449439,45.83408287550316,-9.298002146635897,-1.6741732034835335,45.87477097359695,-7.354655538758635,3.44950239239435
