statistics,TD_Kneeadduction,TO_Kneeadduction,TD_Kneeflexion,TD_Hipflexion,TD_Ankledorsiflexion,TO_Kneeflexion,TO_Hipflexion,TO_Ankledorsiflexion
mean,3.6847176219009867,-3.3616687934113525,-5.873755373840365,21.414578330853676,6.443516763951084,32.59573249738556,-17.29221114786476,-17.13727384105353
std,2.0195925718937167,5.873280454827245,5.383088764907601,2.320427990751588,2.2213608324040357,6.946950151512798,7.7466699143370175,5.558027193711397
min,0.0201984395312422,-19.08283273903456,-12.954859947272098,18.25961846833468,1.9870511056521565,20.370640747299973,-29.416960370194943,-26.36138683589496
max,7.612686642206711,4.81864953408558,2.334728864902843,25.362015916187858,10.179419088597696,42.45010306171864,-8.522909845257175,-6.023002438034325
range,7.592488202675469,23.90148227312014,15.28958881217494,7.102397447853178,8.19236798294554,22.07946231441867,20.894050524937768,20.338384397860636
