statistics,TD_Kneeadduction,TO_Kneeadduction,TD_Kneeflexion,TD_Hipflexion,TD_Ankledorsiflexion,TO_Kneeflexion,TO_Hipflexion,TO_Ankledorsiflexion
mean,2.03478428536503,-3.523151557527612,-3.818198040346978,20.942786023318156,-5.831775620153274,32.793641866098994,-16.581772068529187,13.6971920024941
std,1.4536397875544038,5.237721447823723,5.267644574830974,2.03388583416276,1.913160435468594,6.369694061464535,7.286097111749928,4.623508232604756
min,-1.066836666315652,-17.813895238923237,-10.711071777435876,17.962139088466586,-9.271576192980945,21.72003596470049,-27.386481794329452,4.756204525551112
max,4.971744794930089,4.050823218804197,3.771073562556325,24.752835231897564,-3.132182056464316,41.45015636448852,-8.406353790803308,19.921030003584008
range,6.038581461245741,21.864718457727434,14.4821453399922,6.790696143430978,6.1393941365166285,19.73012039978803,18.980128003526143,15.164825478032895
