statistics,TD_Kneeadduction,TO_Kneeadduction,TD_Kneeflexion,TD_Hipflexion,TD_Ankledorsiflexion,TO_Kneeflexion,TO_Hipflexion,TO_Ankledorsiflexion
mean,3.1938498690341484,-3.624618241365537,-1.3286518003276033,19.947113231449812,-5.0639266139083245,32.68958453423983,-16.614541542053132,10.132283748226802
std,1.6358525809725657,5.718877115975056,5.08682516801214,2.571788227578353,1.941893545209422,5.769416001079953,7.469394666354928,3.883988839224348
min,0.1063853665327485,-19.094957300501704,-7.451578675293916,14.320945666839291,-8.094241702663027,23.38411496928927,-26.64433090832344,3.3697315372894536
max,5.927837065139414,4.381780030479177,5.861997770868044,23.77292099859335,-2.364943883246781,40.037036580448245,-8.064907931932254,15.114245444706455
range,5.821451698606666,23.476737330980882,13.31357644616196,9.451975331754058,5.729297819416246,16.652921611158973,18.579422976391186,11.744513907417002
