statistics,TD_Kneeadduction,TO_Kneeadduction,TD_Kneeflexion,TD_Hipflexion,TD_Ankledorsiflexion,TO_Kneeflexion,TO_Hipflexion,TO_Ankledorsiflexion
mean,3.6847176219009867,-3.3616687934113525,-3.8181520267948628,20.94271963024882,5.831731488119831,32.79342437056396,-16.58186360094439,-13.697090997738039
std,2.0195925718937167,5.873280454827245,5.267801380453575,2.0339525324556558,1.9130721412881528,6.369899920422877,7.286215579254845,4.62364312121105
min,0.0201984395312422,-19.08283273903456,-10.711458992090996,17.961203416233957,3.132360809512903,21.71969576727406,-27.387126717474075,-19.921970398807645
max,7.612686642206711,4.81864953408558,3.77244178538362,24.753231306835204,9.270622420434592,41.44929853446726,-8.406271624254686,-4.755448034810499
range,7.592488202675469,23.90148227312014,14.483900777474616,6.792027890601247,6.138261610921688,19.7296027671932,18.98085509321939,15.166522363997146
