TD_Kneeadduction_1,TD_Kneeadduction_2,TD_Kneeadduction_3,TD_Kneeadduction_4,TO_Kneeadduction_1,TO_Kneeadduction_2,TO_Kneeadduction_3,TO_Kneeadduction_4,TD_Kneeflexion_1,TD_Hipflexion_1,TD_Ankledorsiflexion_1,TD_Kneeflexion_2,TD_Hipflexion_2,TD_Ankledorsiflexion_2,TD_Kneeflexion_3,TD_Hipflexion_3,TD_Ankledorsiflexion_3,TD_Kneeflexion_4,TD_Hipflexion_4,TD_Ankledorsiflexion_4,TO_Kneeflexion_1,TO_Hipflexion_1,TO_Ankledorsiflexion_1,TO_Kneeflexion_2,TO_Hipflexion_2,TO_Ankledorsiflexion_2,TO_Kneeflexion_3,TO_Hipflexion_3,TO_Ankledorsiflexion_3,TO_Kneeflexion_4,TO_Hipflexion_4,TO_Ankledorsiflexion_4
2.259542537902973,2.7365965035808983,1.9024859967037744,2.6672800318000327,4.050823218804197,-0.4688822045740153,-3.922763498724152,-4.708835274222793,,,,,,,,,,,,,,,,,,,,,,,,
-1.066836666315652,2.4321790562232195,2.474760570040644,2.3929595063002864,-2.4626649917630345,-1.695360834440777,-3.4152417084939657,-3.539024117254826,,,,,,,,,,,,,,,,,,,,,,,,
,,,,,,,,1.6963548923369558,22.46379175249379,-3.775609417640496,3.771073562556325,24.126295640772327,-9.271576192980945,-6.605046250068824,17.962139088466586,-6.270208161569215,-9.29303354374099,20.108333497331927,-5.688946979781605,25.09951614440817,-25.103119347406817,18.211928747764546,41.45015636448852,-10.483488177503006,4.756204525551112,32.59578262714027,-14.793747064808088,13.353481210059527,36.92070456113757,-8.600871352014082,12.74865423501707
,,,,,,,,0.8954185276247131,19.2819206640296,-4.9725128668210345,-2.871542577357843,21.01362503905196,-7.699680256341679,-8.452090726067382,19.549943545840165,-6.864472167597597,-9.470169150091865,24.752835231897564,-8.02242763379948,24.03801189312952,-27.386481794329452,10.980877273036782,35.583462217532,-17.22318682737904,17.86507521456012,39.51251303237899,-9.521637250360412,13.160579595757014,37.86801326301719,-8.406353790803308,9.755876682308752
0.2010583308461662,1.709219543199879,1.7364212191680508,4.971744794930089,1.023066313309556,-3.783693093196348,-5.54134726085195,-17.813895238923237,,,,,,,,,,,,,,,,,,,,,,,,
,,,,,,,,1.1968691108067162,20.06540460419069,-3.132182056464316,0.8141814423306357,21.02352968802694,-5.625209369741071,-6.789319995056303,19.246806806227028,-3.3166139838023696,-10.711071777435876,21.7188067214893,-5.341868355299482,21.72003596470049,-27.337390863733333,18.403363041939823,29.78065250339847,-22.76396264698471,19.921030003584008,35.56982628858552,-14.8405835231477,16.475014921689535,33.385027533271284,-12.520442183880306,8.73421857866093
