TD_Kneeadduction_1,TD_Kneeadduction_2,TD_Kneeadduction_3,TD_Kneeadduction_4,TO_Kneeadduction_1,TO_Kneeadduction_2,TO_Kneeadduction_3,TO_Kneeadduction_4,TD_Kneeflexion_1,TD_Hipflexion_1,TD_Ankledorsiflexion_1,TD_Kneeflexion_2,TD_Hipflexion_2,TD_Ankledorsiflexion_2,TD_Kneeflexion_3,TD_Hipflexion_3,TD_Ankledorsiflexion_3,TD_Kneeflexion_4,TD_Hipflexion_4,TD_Ankledorsiflexion_4,TO_Kneeflexion_1,TO_Hipflexion_1,TO_Ankledorsiflexion_1,TO_Kneeflexion_2,TO_Hipflexion_2,TO_Ankledorsiflexion_2,TO_Kneeflexion_3,TO_Hipflexion_3,TO_Ankledorsiflexion_3,TO_Kneeflexion_4,TO_Hipflexion_4,TO_Ankledorsiflexion_4
0.1063853665327485,1.4132820915610864,2.309675679352494,5.692332140349322,1.6741810097560688,-4.198398396948477,-6.429423863812957,-19.094957300501704,,,,,,,,,,,,,,,,,,,,,,,,
2.711231378244946,2.818117938527166,3.4688476223970213,3.626253433294039,-2.8454370502203403,-1.329453017963658,-3.5082728244801444,-3.645479976376436,,,,,,,,,,,,,,,,,,,,,,,,
5.927837065139414,4.075103213379123,2.4565221109571382,3.720610388675283,4.381780030479177,-0.2685050829481668,-3.0159247084598637,-5.215527714909939,,,,,,,,,,,,,,,,,,,,,,,,
,,,,,,,,3.783010995561227,22.07737842147995,-2.82519838391832,5.861997770868044,22.88586498920759,-7.889691845077721,-5.337627920020168,17.0967792039379,-6.0906112093742735,-6.08430151463719,19.997596582123435,-5.757961176388392,23.85156599752324,-24.544916375731987,15.114245444706455,40.037036580448245,-10.79189100486957,3.3697315372894536,32.49695118373933,-13.999777363021138,9.674028152498678,36.86397301527876,-8.064907931932254,8.974954913413313
,,,,,,,,3.584971744254005,19.741022787913156,-2.364943883246781,3.450190945042948,20.570316739965847,-3.682253160492465,-4.034677377175427,18.769004202189024,-3.698821164401437,-7.451578675293916,21.49127114571885,-3.7971964289016,23.38411496928927,-25.318494841865032,14.264674395000895,29.817021929914688,-21.56129691789772,14.162540185381816,35.96368308718368,-13.26716622467336,12.808322321615137,33.549037648888515,-12.11791374871271,5.247175751049937
,,,,,,,,3.956017981407456,19.61802783756903,-3.8027207747566223,-1.2451488090706562,14.320945666839291,-6.241246164052498,-5.637931502252911,19.02423020186032,-6.522233473626756,-6.788745242614652,23.77292099859335,-8.094241702663027,25.58348979035304,-25.57670259653787,8.422000903147293,34.92882336744498,-26.64433090832344,13.61454727924388,38.39324089230365,-9.247190005376666,9.55968349263472,37.40607594851056,-8.239910585695839,6.375500602740047
