TD_Kneeadduction_1,TD_Kneeadduction_2,TD_Kneeadduction_3,TD_Kneeadduction_4,TO_Kneeadduction_1,TO_Kneeadduction_2,TO_Kneeadduction_3,TO_Kneeadduction_4,TD_Kneeflexion_1,TD_Hipflexion_1,TD_Ankledorsiflexion_1,TD_Kneeflexion_2,TD_Hipflexion_2,TD_Ankledorsiflexion_2,TD_Kneeflexion_3,TD_Hipflexion_3,TD_Ankledorsiflexion_3,TD_Kneeflexion_4,TD_Hipflexion_4,TD_Ankledorsiflexion_4,TO_Kneeflexion_1,TO_Hipflexion_1,TO_Ankledorsiflexion_1,TO_Kneeflexion_2,TO_Hipflexion_2,TO_Ankledorsiflexion_2,TO_Kneeflexion_3,TO_Hipflexion_3,TO_Ankledorsiflexion_3,TO_Kneeflexion_4,TO_Hipflexion_4,TO_Ankledorsiflexion_4
0.0201984395312422,1.06568943260055,2.424014735034405,5.617414155141375,2.1461021584676416,-4.154443113199335,-6.814999017448457,-19.08283273903456,,,,,,,,,,,,,,,,,,,,,,,,
3.9514442806066654,3.2649189767378743,4.247080258709218,4.380018353797283,-2.631999989497245,-0.8436343080840061,-3.1079467736805384,-3.486865696242916,,,,,,,,,,,,,,,,,,,,,,,,
7.612686642206711,4.71129978817865,2.559937557339253,4.361908842928614,4.81864953408558,-0.0822735369889926,-2.0154075350089897,-5.084374504304407,,,,,,,,,,,,,,,,,,,,,,,,
,,,,,,,,1.697815200204133,22.463690566305843,3.7748688836320663,3.77244178538362,24.125401135489422,9.270622420434592,-6.604696773647845,17.961203416233957,6.2698376974030765,-9.291116900236515,20.10819065262376,5.688917714302463,25.09845217505693,-25.10287562525517,-18.209736150148345,41.44929853446726,-10.48396232876442,-4.755448034810499,32.595869615550725,-14.793195675019293,-13.350479152994351,36.92076721465944,-8.60062384428079,-12.745630680147316
,,,,,,,,1.1965274668124837,20.06544098909021,3.132360809512903,0.8138398454389346,21.023617891993013,5.625490287777097,-6.789698692123579,19.24689574452813,3.3164814150436968,-10.711458992090996,21.71887888973092,5.342145995501937,21.71969576727406,-27.337705574129075,-18.404043921688285,29.78053241847195,-22.76418507097847,-19.921970398807645,35.569680425670526,-14.840841090102517,-16.475595429990662,33.38495076888464,-12.520492069106156,-8.734782196662309
,,,,,,,,0.8942296910565517,19.28164692756664,4.97295337233254,-2.8719679968782827,21.014275093514243,7.700197168734789,-8.452818160724718,19.55016294907452,6.864637754330346,-9.470920794732136,24.753231306835204,8.022264338432464,24.03726696352416,-27.387126717474075,-10.981794149362358,35.58358056920082,-17.2233925979929,-17.866573711656926,39.51281486890949,-9.52169099397517,-13.161938963717589,37.86818312509743,-8.406271624254686,-9.75709918287022
