statistics,TD_Kneeflexion,TD_Hipflexion,TD_Ankledorsiflexion,TO_Kneeflexion,TO_Hipflexion,TO_Ankledorsiflexion,TD_Kneeadduction,TO_Kneeadduction
mean,-2.736987450823212,22.47360506186096,-5.141877366884857,36.63834906473746,-15.382992017984833,0.3535847028939993,-0.331445369221863,-0.9345873068374738
std,4.815026985030423,2.8068958110589777,2.0028882620350705,5.407272390028408,5.580832789836588,2.5148368887464363,3.3911066565315915,3.217944877674212
min,-9.16784852011375,17.10238761707251,-8.481577048652639,29.70140126200897,-23.10062648148366,-4.323128632382719,-9.551316734393623,-6.855646227446613
max,4.88356931311111,26.28158645985934,-1.666854737531935,45.67002953869607,-6.7206845960213,3.782265735247961,3.3472618527922293,3.2434616108709804
range,14.05141783322486,9.179198842786832,6.814722311120704,15.968628276687099,16.379941885462358,8.10539436763068,12.898578587185852,10.099107838317593
