statistics,TD_Kneeadduction,TO_Kneeadduction,TD_Kneeflexion,TD_Hipflexion,TD_Ankledorsiflexion,TO_Kneeflexion,TO_Hipflexion,TO_Ankledorsiflexion
mean,0.1189303213611647,0.21816003890623628,-4.982260000748421,22.35116043436096,5.2662075349730175,35.97528880695817,-15.997139911185874,-2.3998942684730693
std,4.15063994950163,5.241366360363127,5.26541933161798,3.2485590924410523,2.403149262082448,6.079224961093158,5.980201587143717,3.2339127050916403
min,-11.341175414249449,-9.691270030286148,-12.4502151773506,15.74145584987548,0.7144109208426812,28.566010612259163,-24.124025949626912,-6.731031128396424
max,4.689110068234498,9.978021351381244,3.4968759133489584,26.341615243379323,9.052840066996067,46.51655945591202,-6.932956159031505,3.050357069213064
range,16.030285482483947,19.669291381667392,15.947091090699558,10.600159393503843,8.338429146153386,17.950548843652854,17.191069790595407,9.781388197609488
