statistics,TD_Kneeadduction,TO_Kneeadduction,TD_Kneeflexion,TD_Hipflexion,TD_Ankledorsiflexion,TO_Kneeflexion,TO_Hipflexion,TO_Ankledorsiflexion
mean,0.04682932280451261,-0.2839601620448183,-0.034113222752199114,19.902616450292374,-4.8705462409040186,37.066384893022665,-16.35908156071798,-1.691749843882679
std,3.8625849665564735,4.5301414846810735,4.473528039649533,9.175481615916024,1.8348499428816292,4.661283032693048,9.59522251349956,1.989754775141161
min,-10.721262352118517,-8.903725846731533,-6.366717988286524,-8.176285328427326,-7.576913600138738,30.623315526442354,-42.947251908192015,-5.615459588243411
max,4.362548141674552,7.419090850459497,6.941874492343658,26.06887245611955,-1.9400807731964989,44.56344389493205,-6.607730844655123,0.7790601536235329
range,15.08381049379307,16.32281669719103,13.308592480630182,34.245157784546876,5.636832826942239,13.940128368489695,36.33952106353689,6.394519741866944
