statistics,TD_Kneeadduction,TO_Kneeadduction,TD_Kneeflexion,TD_Hipflexion,TD_Ankledorsiflexion,TO_Kneeflexion,TO_Hipflexion,TO_Ankledorsiflexion
mean,0.1189303213611647,0.21816003890623628,-2.736098022198649,22.47362417883956,5.141816167054581,36.63857815688383,-15.382767901665952,-0.35275770319162914
std,4.15063994950163,5.241366360363127,4.814675958550905,2.806708659367941,2.0028685335849077,5.406906245418938,5.580643953237493,2.5146243372312886
min,-11.341175414249449,-9.691270030286148,-9.16617857473392,17.10304274868784,1.667255382044985,29.70197094364528,-23.100483721271928,-3.7819549065905695
max,4.689110068234498,9.978021351381244,4.883747813507881,26.281590223618338,8.481504708390858,45.66964376378482,-6.720783467420148,4.323284628843751
range,16.030285482483947,19.669291381667392,14.0499263882418,9.178547474930497,6.814249326345873,15.96767282013954,16.37970025385178,8.105239535434322
