TD_Kneeadduction_1,TD_Kneeadduction_2,TD_Kneeadduction_3,TD_Kneeadduction_4,TO_Kneeadduction_1,TO_Kneeadduction_2,TO_Kneeadduction_3,TO_Kneeadduction_4,TD_Kneeflexion_1,TD_Hipflexion_1,TD_Ankledorsiflexion_1,TD_Kneeflexion_2,TD_Hipflexion_2,TD_Ankledorsiflexion_2,TD_Kneeflexion_3,TD_Hipflexion_3,TD_Ankledorsiflexion_3,TD_Kneeflexion_4,TD_Hipflexion_4,TD_Ankledorsiflexion_4,TO_Kneeflexion_1,TO_Hipflexion_1,TO_Ankledorsiflexion_1,TO_Kneeflexion_2,TO_Hipflexion_2,TO_Ankledorsiflexion_2,TO_Kneeflexion_3,TO_Hipflexion_3,TO_Ankledorsiflexion_3,TO_Kneeflexion_4,TO_Hipflexion_4,TO_Ankledorsiflexion_4
0.7393718178680331,0.6129777400621208,-11.341175414249449,4.506786559155131,3.501883520382563,2.9098040897928854,9.978021351381244,-9.691270030286148,,,,,,,,,,,,,,,,,,,,,,,,
0.4177724210814517,4.689110068234498,-3.1752930007232294,0.6775030530275785,1.020051989148243,0.8694900326797779,-0.3910371272293105,-8.442367094592441,,,,,,,,,,,,,,,,,,,,,,,,
0.370925779764633,1.4848288209963982,0.2771002527795474,2.1672557583372623,3.230204291137966,1.5400251565839935,-1.5465247614079942,-0.3603609507159433,,,,,,,,,,,,,,,,,,,,,,,,
,,,,,,,,1.6983289373287391,23.107396922305867,3.445814955702815,1.0231209397323369,22.841935174810004,5.932560036924912,-2.403375561482392,24.58793855265904,4.596472094795658,-7.4862480397961235,25.63508546742241,6.197161148320987,29.70197094364528,-21.18400870468662,1.214793499811691,30.77262547202253,-19.91178453128217,2.6550470071536694,45.66964376378482,-12.214003475515568,-2.4365942560220475,44.53876340005306,-7.3069653874534595,-1.6697485584454768
,,,,,,,,4.883747813507881,24.93616550106168,5.062359888395406,0.3279049745227382,22.06258043619681,8.137168596513888,2.459540262053764,26.281590223618338,8.481504708390858,-8.800865386964915,20.253091839990415,2.919858410778432,33.499023277869725,-23.100483721271928,4.323284628843751,36.84389676205902,-17.256853815920806,0.0224758980035204,37.27702051497448,-15.206285673520028,-1.8216808512031264,33.0008792632357,-12.005706277398474,-3.7819549065905695
,,,,,,,,-5.990887407220328,17.10304274868784,1.667255382044985,-2.72353399657473,22.327514126486307,4.1084315641232365,-6.65473022675684,18.34459825281786,5.017204422313824,-9.16617857473392,22.202550900018167,6.13600279634997,30.170743028158228,-22.662094024544444,1.9967749702475144,40.60419567711946,-12.165794520295291,-0.8202382220588618,37.25775597538566,-14.858451220682497,-3.564237083692234,40.3264198042981,-6.720783467420148,-0.3510145643473805
