statistics,TD_Kneeflexion,TD_Hipflexion,TD_Ankledorsiflexion,TO_Kneeflexion,TO_Hipflexion,TO_Ankledorsiflexion,TD_Kneeadduction,TO_Kneeadduction
mean,-1.9231482914001319,21.761688203098647,-0.7858213832577702,34.30897446458329,-16.288585771204584,3.7510510498632996,2.911366770465347,-5.078333461925648
std,2.108230660607764,4.26788717887185,1.4605758120622352,6.808495166287877,9.770165213295083,3.042670697643861,1.357923957357427,2.4609998772673274
min,-5.373284268433423,15.448865947050791,-3.35279541185227,24.76340851076762,-27.433689966701564,-2.7318874843797403,1.0763764659303945,-11.308291733103315
max,1.6147929596260155,28.16418128451093,1.5832176585902855,47.5764244785945,-0.4946966138174105,7.557196593674973,4.986812921321047,-2.3131677526970407
range,6.9880772280594385,12.71531533746014,4.936013070442556,22.81301596782688,26.938993352884154,10.289084078054714,3.910436455390652,8.995123980406275
