statistics,TD_Kneeadduction,TO_Kneeadduction,TD_Kneeflexion,TD_Hipflexion,TD_Ankledorsiflexion,TO_Kneeflexion,TO_Hipflexion,TO_Ankledorsiflexion
mean,5.108754564892486,-3.0456883784952375,-1.9222852278309948,21.761712174853518,0.7856481993532576,34.3092476555801,-16.288298891439684,-3.7501610752925125
std,1.9467051468360523,2.8605421222921814,2.1080171993043137,4.26773035045593,1.4605752025768675,6.808147366468222,9.769908801425466,3.042331204823668
min,1.8788266266895164,-9.19635574354018,-5.373039202359195,15.449166916900538,-1.5834440526130038,24.76456491006843,-27.43286522206023,-7.556084333154502
max,8.378820619306964,0.6135136125376164,1.6154401974704626,28.163909102150285,3.3527445677202223,47.576180046858894,-0.4949845672817332,2.732067881266346
range,6.499993992617448,9.809869356077796,6.988479399829657,12.714742185249747,4.936188620333226,22.811615136790465,26.937880654778496,10.288152214420847
