statistics,TD_Kneeadduction,TO_Kneeadduction,TD_Kneeflexion,TD_Hipflexion,TD_Ankledorsiflexion,TO_Kneeflexion,TO_Hipflexion,TO_Ankledorsiflexion
mean,4.47804434254639,-4.033356590830024,0.8476664703975629,21.95532693621642,-0.5093661570046896,35.01063289294744,-15.383198743727805,1.4692367368811006
std,1.6937164961491569,2.8717255086107207,1.92599654819568,3.8981545152034003,1.4286700360509275,5.953628961052297,9.061983073450833,2.69036569718079
min,1.9362121072903165,-10.75140048538907,-2.6277823145089485,16.16541998534308,-2.921547090518004,26.808310050717186,-25.560223483607643,-4.362115968347297
max,6.911843676146987,-0.471111551571596,3.470293707894257,27.820877228563543,1.9653940153942957,46.89833155356382,-0.6484257682991199,5.179766713128785
range,4.97563156885667,10.280288933817474,6.098076022403205,11.655457243220464,4.8869411059123,20.090021502846636,24.911797715308523,9.541882681476082
