statistics,TD_Kneeadduction,TO_Kneeadduction,TD_Kneeflexion,TD_Hipflexion,TD_Ankledorsiflexion,TO_Kneeflexion,TO_Hipflexion,TO_Ankledorsiflexion
mean,5.108754564892486,-3.0456883784952375,-4.161733956836426,21.595412459206823,1.0759864034948723,33.42800055691841,-17.01579573165738,-5.59794657010454
std,1.9467051468360523,2.8605421222921814,2.441266727553175,4.744846574884807,1.558371468354026,7.554013078245689,10.37160378335352,3.267286968402828
min,1.8788266266895164,-9.19635574354018,-7.873419652395057,14.649266233988245,-1.3904429715338011,22.846814767941797,-29.159572725954547,-9.30146836720084
max,8.378820619306964,0.6135136125376164,0.4809578615692373,28.77747273305556,3.5569337552250744,47.96733389420169,-0.5013588485993239,1.2062635837714737
range,6.499993992617448,9.809869356077796,8.354377513964295,14.128206499067316,4.9473767267588755,25.12051912625989,28.658213877355223,10.507731950972314
