angle_name,mean,std,min,max,range
TD_Kneeflexion,5.611898688291244,4.033134158309822,2.6797399416387577,10.21134764598628,7.531607704347522
TD_Hipflexion,22.513103368830013,2.5837062663724253,20.035663636968,25.19135696209628,5.155693325128279
TD_Ankledorsiflexion,-4.599170863747399,1.9016911007437545,-6.649732814594842,-2.8935768670235262,3.7561559475713153
TO_Kneeflexion,36.096289745194674,4.328683622099495,32.00002419863901,40.62493825704547,8.62491405840646
TO_Hipflexion,-13.42348338920462,8.257724418381565,-20.78175122816026,-4.492498997980817,16.289252230179443
TO_Ankledorsiflexion,-3.87998686284396,6.3119678271302995,-11.107617457604777,0.5474345062849579,11.655051963889735
