statistics,TD_Kneeflexion,TD_Hipflexion,TD_Ankledorsiflexion,TO_Kneeflexion,TO_Hipflexion,TO_Ankledorsiflexion,TD_Kneeadduction,TO_Kneeadduction
mean,1.4333755611522412,23.038825584864263,-4.467060653587606,36.86483914175549,-14.064989075806938,1.3793095680105112,-2.4553897111338783,-6.113497450790925
std,3.880794273693901,2.1464079891938006,1.842440993066244,6.453915459853206,7.471983911734169,5.84682226212653,3.2486093702365264,4.784882914886048
min,-2.990681823347302,19.97674294830236,-7.494406043952651,27.578533337118984,-23.01721400986773,-11.253579661802988,-8.03479942450383,-13.09549995424851
max,9.069524624317069,26.86426571597229,-1.3243626316738926,48.504043895334775,-1.8817441373677468,13.379028618223757,2.4217361267657225,1.7893857379677058
range,12.06020644766437,6.887522767669932,6.170043412278758,20.92551055821579,21.135469872499982,24.632608280026744,10.456535551269553,14.884885692216216
