statistics,TD_Kneeadduction,TO_Kneeadduction,TD_Kneeflexion,TD_Hipflexion,TD_Ankledorsiflexion,TO_Kneeflexion,TO_Hipflexion,TO_Ankledorsiflexion
mean,-1.3076193669334992,-5.60254971643908,4.267010117207323,22.82146739767341,-3.5668541687663886,37.083460176532824,-13.092898449367471,-0.7732841653338691
std,3.4647441326279758,4.91739804567579,3.72682693723734,2.1115594892833522,1.6871258879910422,5.999293599847614,6.719867202400062,5.252737505226654
min,-6.564302703438642,-12.264320963052995,0.7236242499744492,20.035663636968,-6.649732814594842,27.710185633596097,-21.10449737554285,-11.107617457604777
max,3.636477889212898,4.26319527131642,11.866476892055772,27.033674583531848,-0.7910223010467945,47.44423625118208,-2.3396132069837563,10.61802861413453
range,10.20078059265154,16.527516234369415,11.142852642081323,6.9980109465638485,5.858710513548047,19.734050617585986,18.764884168559092,21.725646071739305
