statistics,TD_Kneeadduction,TO_Kneeadduction,TD_Kneeflexion,TD_Hipflexion,TD_Ankledorsiflexion,TO_Kneeflexion,TO_Hipflexion,TO_Ankledorsiflexion
mean,-1.0570957754426642,-5.006346589106184,-0.9211737929121413,23.17114103862318,5.395596794446153,36.29321034141352,-15.058974650010077,-3.3926870425210582
std,3.648867136998148,5.153458951283175,3.752531773652416,2.1648086019569903,2.2104078620972465,6.838995714401365,8.262628091800499,6.4520588767095655
min,-6.736763661272221,-12.687169041678118,-6.294109424027539,19.829894918673403,1.7837848954007,27.410755357755875,-25.32804232747057,-15.880714189301358
max,4.310595024253757,5.761289554804961,5.859852383691447,25.656825755185963,8.267816136354512,49.18910074593151,-1.292122679695126,11.524555418237624
range,11.047358685525978,18.44845859648308,12.153961807718986,5.82693083651256,6.4840312409538114,21.778345388175637,24.035919647775444,27.405269607538983
