statistics,TD_Kneeadduction,TO_Kneeadduction,TD_Kneeflexion,TD_Hipflexion,TD_Ankledorsiflexion,TO_Kneeflexion,TO_Hipflexion,TO_Ankledorsiflexion
mean,-1.0570957754426642,-5.006346589106184,1.4327432414786136,23.038833524859868,4.467334946146141,36.86471507986051,-14.065211177940592,-1.3799629235686681
std,3.648867136998148,5.153458951283175,3.8809805663855466,2.1464047767725396,1.8424130363405136,6.454034746242065,7.472211013399716,5.846923162588853
min,-6.736763661272221,-12.687169041678118,-2.992298017793047,19.97674294830165,1.324683542372938,27.578513451379564,-23.017214009868358,-13.379579562252133
max,4.310595024253757,5.761289554804961,9.068879948137322,26.8641024202216,7.494406043950363,48.50448029048957,-1.8813607793345848,11.253579661802236
range,11.047358685525978,18.44845859648308,12.06117796593037,6.88735947191995,6.169722501577425,20.925966839110004,21.135853230533773,24.633159224054367
