TD_Kneeadduction_1,TD_Kneeadduction_2,TD_Kneeadduction_3,TO_Kneeadduction_1,TO_Kneeadduction_2,TO_Kneeadduction_3,TD_Kneeadduction_4,TO_Kneeadduction_4,TD_Kneeflexion_1,TD_Hipflexion_1,TD_Ankledorsiflexion_1,TD_Kneeflexion_2,TD_Hipflexion_2,TD_Ankledorsiflexion_2,TD_Kneeflexion_3,TD_Hipflexion_3,TD_Ankledorsiflexion_3,TO_Kneeflexion_1,TO_Hipflexion_1,TO_Ankledorsiflexion_1,TO_Kneeflexion_2,TO_Hipflexion_2,TO_Ankledorsiflexion_2,TO_Kneeflexion_3,TO_Hipflexion_3,TO_Ankledorsiflexion_3,TD_Kneeflexion_4,TD_Hipflexion_4,TD_Ankledorsiflexion_4,TO_Kneeflexion_4,TO_Hipflexion_4,TO_Ankledorsiflexion_4
-5.3058097429845645,-6.736763661272221,0.7591336491818481,-7.074333967310963,5.761289554804961,-7.484368263659007,,,,,,,,,,,,,,,,,,,,,,,,,,
-5.56986287131312,2.9200635860864,4.310595024253757,-9.389122275369004,-3.3796382441811943,-10.425630119542689,-1.141386923315622,-2.0633242653127013,,,,,,,,,,,,,,,,,,,,,,,,
-2.749443805015318,0.6752914711318567,1.8581790752048448,-3.890244671257364,-3.5516661469819724,-0.8856050396799731,-0.648049331827167,-12.687169041678118,,,,,,,,,,,,,,,,,,,,,,,,
,,,,,,,,4.597180801430767,25.244223624552035,4.304247399813846,0.8464642705813219,25.02167320289209,7.294032677143733,-3.4840149744343023,19.83349439852745,8.153984530687538,28.99051272625337,-25.32804232747057,-2.820504798903144,33.7269954328265,-16.79280912845121,-4.147767217534053,41.36366583427903,-4.531476698961541,11.524555418237624,,,,,,
,,,,,,,,5.859852383691447,25.656825755185963,4.350962000298026,0.7898272441752567,25.400416712230395,8.267816136354512,-2.744387312006779,22.40943893750142,2.558506170346817,34.21201889005829,-22.610198773746845,-7.377911294290499,45.91816770208641,-11.484613744660209,-15.880714189301358,27.410755357755875,-12.938720920760405,-3.0282770135348898,-4.329095866902236,24.474655418345407,6.8827204508477,37.88491567004439,-7.336837467223688,-1.014347926764387
,,,,,,,,0.10909637061485,19.829894918673403,1.7837848954007,-2.379633351699937,23.222400138950174,6.8231253305857535,-3.104091863456404,22.16814087951235,4.61297618370341,32.72522106900783,-24.32734719100281,-6.6911064743554505,31.33088518737497,-22.201941512368705,-3.4166500698407702,36.4730751399305,-16.804610705769733,-1.3172043605556496,-6.294109424027539,21.62138743848428,4.31940896372565,49.18910074593151,-1.292122679695126,-3.149629540889066
