TD_Kneeflexion_1,TD_Hipflexion_1,TD_Ankledorsiflexion_1,TD_Kneeflexion_2,TD_Hipflexion_2,TD_Ankledorsiflexion_2,TD_Kneeflexion_3,TD_Hipflexion_3,TD_Ankledorsiflexion_3,TO_Kneeflexion_1,TO_Hipflexion_1,TO_Ankledorsiflexion_1,TO_Kneeflexion_2,TO_Hipflexion_2,TO_Ankledorsiflexion_2,TO_Kneeflexion_3,TO_Hipflexion_3,TO_Ankledorsiflexion_3
10.21134764598628,25.19135696209628,-2.8935768670235262,3.9446084772486927,22.31228950742576,-4.254202909623828,2.6797399416387577,20.035663636968,-6.649732814594842,32.00002419863901,-20.78175122816026,-1.0797776372120609,35.66390677989955,-14.99619994147278,0.5474345062849579,40.62493825704547,-4.492498997980817,-11.107617457604777
