TD_Kneeadduction_1,TD_Kneeadduction_2,TD_Kneeadduction_3,TO_Kneeadduction_1,TO_Kneeadduction_2,TO_Kneeadduction_3,TD_Kneeadduction_4,TO_Kneeadduction_4,TD_Kneeflexion_1,TD_Hipflexion_1,TD_Ankledorsiflexion_1,TD_Kneeflexion_2,TD_Hipflexion_2,TD_Ankledorsiflexion_2,TD_Kneeflexion_3,TD_Hipflexion_3,TD_Ankledorsiflexion_3,TO_Kneeflexion_1,TO_Hipflexion_1,TO_Ankledorsiflexion_1,TO_Kneeflexion_2,TO_Hipflexion_2,TO_Ankledorsiflexion_2,TO_Kneeflexion_3,TO_Hipflexion_3,TO_Ankledorsiflexion_3,TD_Kneeflexion_4,TD_Hipflexion_4,TD_Ankledorsiflexion_4,TO_Kneeflexion_4,TO_Hipflexion_4,TO_Ankledorsiflexion_4
-5.653516230935708,-6.564302703438642,0.0712559561669081,-7.79269970759762,4.26319527131642,-7.829387503579682,,,,,,,,,,,,,,,,,,,,,,,,,,
-4.96954631081698,3.1272190835568097,3.636477889212898,-11.148670297661369,-4.012655533318394,-10.090137810708455,-1.1425271822860736,-2.3215545009381344,,,,,,,,,,,,,,,,,,,,,,,,
-3.433985545618185,0.1991378717183067,1.3768739339148226,-6.145175174833554,-3.123825244193455,-1.1628154162626458,-1.0308997977426486,-12.264320963052995,,,,,,,,,,,,,,,,,,,,,,,,
,,,,,,,,10.21134764598628,25.19135696209628,-2.8935768670235262,3.9446084772486927,22.31228950742576,-4.254202909623828,2.6797399416387577,20.035663636968,-6.649732814594842,32.00002419863901,-20.78175122816026,-1.0797776372120609,35.66390677989955,-14.99619994147278,0.5474345062849579,40.62493825704547,-4.492498997980817,-11.107617457604777,,,,,,
,,,,,,,,11.866476892055772,27.033674583531848,-2.1648698057905165,5.012291457174825,23.78824686313942,-5.583676993608037,0.7236242499744492,20.69201428321404,-2.456991950882113,34.98507139927017,-19.992734539249767,2.559722028330796,46.55846213133623,-10.13431501776347,10.61802861413453,27.710185633596097,-11.037588904037564,-1.2524715572192378,1.4591584133338529,24.025925351878072,-4.521425267143016,38.02856919152714,-6.613350451270691,-3.0271020707573086
,,,,,,,,5.77838802322276,20.75651751684757,-0.7910223010467945,2.440897608536261,23.22680721054081,-2.4392770743020407,1.7611882405776669,21.50398205028347,-3.099581755116006,33.22833934495014,-21.10449737554285,1.8960868364303,33.463120501852984,-18.749559644433475,-1.1947741065446422,38.21120825256224,-13.779773636146755,-2.312589072479753,1.0593903395312338,22.469663408482237,-4.381038117299553,47.44423625118208,-2.3396132069837563,-4.153065902035365
