statistics,TD_Kneeadduction,TO_Kneeadduction,TD_Kneeflexion,TD_Hipflexion,TD_Ankledorsiflexion,TO_Kneeflexion,TO_Hipflexion,TO_Ankledorsiflexion
mean,0.18572847368061454,-3.553987192462941,5.781931942940467,26.157136088910658,8.261391882478593,31.715041670625496,-20.093332797159835,-4.229631141960201
std,3.0950188273944805,4.821234564717745,4.573206219032407,3.5633672939509533,3.152985799625577,4.0627841810093495,3.3947726620838465,2.9681220764886644
min,-7.261672762155428,-14.688263036663985,-2.9443152571879523,18.374807227069425,1.2240720570292467,26.12004519763985,-25.83568064188492,-7.676302716160976
max,5.228785616798149,3.244462350416711,12.358614383096636,33.58564614452237,12.020060249621167,38.13690735950718,-15.401941852916051,1.59120995745738
range,12.490458378953576,17.932725387080694,15.302929640284589,15.210838917452946,10.79598819259192,12.016862161867326,10.433738788968869,9.267512673618356
