statistics,TD_Kneeadduction,TO_Kneeadduction,TD_Kneeflexion,TD_Hipflexion,TD_Ankledorsiflexion,TO_Kneeflexion,TO_Hipflexion,TO_Ankledorsiflexion
mean,-0.2007630385313277,-4.332941692242893,9.768994336695243,27.105023946779465,-7.853769996757308,32.63659605089661,-20.422928689351803,2.4170099527974025
std,3.094573001980576,5.199181526636962,4.377014577298162,3.923652834806226,3.04407956968331,3.6319491344488397,6.3231937411156975,2.6656109311777856
min,-7.680173827228629,-16.00704500706709,0.8174115182330013,20.566099851667477,-11.435887756149851,27.406172938971025,-38.11872533871116,-2.7928592175685765
max,5.747520344316172,2.129951351905447,16.092243365891335,34.983867998759706,-1.2285213926995766,38.29929099729114,-14.674998929434024,5.683653488203461
range,13.4276941715448,18.13699635897254,15.274831847658334,14.417768147092229,10.207366363450275,10.893118058320113,23.443726409277133,8.476512705772038
