statistics,TD_Kneeflexion,TD_Hipflexion,TD_Ankledorsiflexion,TO_Kneeflexion,TO_Hipflexion,TO_Ankledorsiflexion,TD_Kneeadduction,TO_Kneeadduction
mean,5.783441840054327,26.157459726498043,-8.26124248103909,31.715368422695306,-20.093024633450813,4.229040987388767,0.1857821483026664,-3.5537777442740435
std,4.573141582219981,3.563049619566294,3.15295019784931,4.062620679299738,3.3946384447755102,2.9678896600547207,3.0949397001508414,4.821078384008375
min,-2.9436332872535047,18.376504050831443,-12.019802745389685,26.12050052476718,-25.835033907055788,-1.5914589909890822,-7.261401296195146,-14.68733656202656
max,12.360906490205965,33.58594319516601,-1.2238427046679303,38.136305649988856,-15.401649342183958,7.675337215057766,5.228317755286696,3.244666930061925
range,15.30453977745947,15.209439144334567,10.795960040721754,12.015805125221675,10.43338456487183,9.266796206046848,12.489719051481842,17.932003492088484
