statistics,TD_Kneeadduction,TO_Kneeadduction,TD_Kneeflexion,TD_Hipflexion,TD_Ankledorsiflexion,TO_Kneeflexion,TO_Hipflexion,TO_Ankledorsiflexion
mean,0.18572847368061454,-3.553987192462941,1.9919838615534218,25.380562709873402,8.507269763160004,30.626987627661094,-20.96997154202543,-5.873347369748881
std,3.0950188273944805,4.821234564717745,4.429684681402537,3.8970769440081687,3.1250914030905705,4.538131417212984,3.991020165176771,3.3309884128068146
min,-7.261672762155428,-14.688263036663985,-5.338480142459929,16.353982157563166,1.5587158047983394,25.02096049032949,-27.64831924282549,-10.650151125503116
max,5.228785616798149,3.244462350416711,8.718390350645535,32.92258253927247,12.056180991875422,39.10605369147555,-15.226141359917731,0.139126339214016
range,12.490458378953576,17.932725387080694,14.056870493105464,16.568600381709302,10.497465187077083,14.085093201146062,12.422177882907759,10.789277464717133
