TD_Kneeadduction_1,TD_Kneeadduction_2,TD_Kneeadduction_3,TD_Kneeadduction_4,TO_Kneeadduction_1,TO_Kneeadduction_2,TO_Kneeadduction_3,TO_Kneeadduction_4,TD_Kneeflexion_1,TD_Hipflexion_1,TD_Ankledorsiflexion_1,TD_Kneeflexion_2,TD_Hipflexion_2,TD_Ankledorsiflexion_2,TD_Kneeflexion_3,TD_Hipflexion_3,TD_Ankledorsiflexion_3,TD_Kneeflexion_4,TD_Hipflexion_4,TD_Ankledorsiflexion_4,TO_Kneeflexion_1,TO_Hipflexion_1,TO_Ankledorsiflexion_1,TO_Kneeflexion_2,TO_Hipflexion_2,TO_Ankledorsiflexion_2,TO_Kneeflexion_3,TO_Hipflexion_3,TO_Ankledorsiflexion_3,TO_Kneeflexion_4,TO_Hipflexion_4,TO_Ankledorsiflexion_4
-0.1431793064968758,0.0091501532760958,0.2754595646936479,-1.517314685725438,3.244462350416711,-3.194359041605793,-8.624710348511996,-7.304027430185357,,,,,,,,,,,,,,,,,,,,,,,,
-7.261672762155428,-1.9339374998510837,1.863636587248948,5.228785616798149,-1.678830187651755,-0.4512243375869502,-14.688263036663985,0.979305064086276,,,,,,,,,,,,,,,,,,,,,,,,
3.3111690034588435,0.6545874085609,-0.3920505260711593,2.134108130430775,-0.598965623275916,-2.239323355330441,-4.736353413240778,-3.355556950005308,,,,,,,,,,,,,,,,,,,,,,,,
,,,,,,,,3.599360636727738,23.38867206251317,1.2240720570292467,12.358614383096636,18.374807227069425,11.201149087261996,3.399637536448921,25.890785472117894,10.86038009070228,3.4073773892495183,33.58564614452237,12.020060249621167,36.220082246626646,-20.601860508532354,-3.7677222318722974,38.0669230730918,-15.401941852916051,-7.398660981984776,38.13690735950718,-15.56085369524115,-7.676302716160976,30.01745356765869,-16.581107349004924,-2.968630242061707
,,,,,,,,11.455612765610596,27.054399093899065,7.701531721737581,10.093839028188684,26.905325364828716,6.500457816892293,6.957173070270898,26.28705973751343,9.849169418940278,-2.9443152571879523,24.844412135212053,10.381889635459077,33.838495913245765,-22.35680810942816,-0.5228950969267885,30.71158529742982,-20.48819619309168,-4.018438697644669,26.820400355131227,-23.884200782782784,1.59120995745738,31.05316824756946,-17.190979124236662,-7.337996145401675
,,,,,,,,7.236268262104318,25.942175154521323,5.474728602348833,8.348793255838473,29.490702544060863,5.621546545668593,5.4874951422850415,27.0376283853272,7.817126098855539,-0.0166728973472629,25.08401974534237,10.484591265226229,31.73864584061687,-25.83568064188492,-1.3497115815743257,28.75881191805053,-20.976411901524077,-5.282168327400996,26.12004519763985,-23.08087285870749,-6.231755197643295,29.097981030938115,-19.161080548567757,-5.79250244230829
