statistics,TD_Kneeadduction,TO_Kneeadduction,TD_Kneeflexion,TD_Hipflexion,TD_Ankledorsiflexion,TO_Kneeflexion,TO_Hipflexion,TO_Ankledorsiflexion
mean,1.9539217906353226,-5.226384602515805,-7.117952405447046,17.993517564411313,1.821403873645264,29.6800960570575,-21.970725548847042,-2.523114426069102
std,1.77033214323753,2.6011763979716465,1.676693725172322,5.002677411141652,2.1837042253098864,5.128085313984143,9.005393184678391,3.580605480948897
min,-1.4738353454329172,-9.383973802824102,-9.956253545293691,10.163441735239816,-2.9680692237092785,22.10999620088387,-30.567452007740627,-7.0608779025862844
max,4.474492146280966,-0.003091389641213,-4.753223011400792,24.422169158905035,4.673637229409522,39.05686692896913,-4.520490510605754,3.659343629805335
range,5.948327491713883,9.380882413182889,5.2030305338929,14.258727423665219,7.6417064531188,16.94687072808526,26.046961497134873,10.72022153239162
