statistics,TD_Kneeflexion,TD_Hipflexion,TD_Ankledorsiflexion,TO_Kneeflexion,TO_Hipflexion,TO_Ankledorsiflexion,TD_Kneeadduction,TO_Kneeadduction
mean,-4.428500528053749,18.10045725009896,-1.4393455888208397,30.516633082857464,-21.178029267965393,0.5367576589118634,1.953884847203554,-5.22636068481668
std,1.6890287745393746,4.478789100751198,2.212942832368535,4.5050108747629745,8.456520209763765,3.277230555193392,1.7703243581864576,2.601354469560659
min,-7.222956715575094,10.882653028264514,-4.168637513544496,24.12233109493431,-29.32684001452057,-5.107494666029837,-1.4738117802594672,-9.384320949097829
max,-1.602067914128213,24.16914444733257,3.521658156806112,38.69644518207042,-4.665600503874856,5.085905290994731,4.47478004877118,-0.0026424479176512
range,5.620888801446881,13.286491419068057,7.690295670350608,14.57411408713611,24.661239510645714,10.193399957024567,5.948591829030647,9.381678501180177
