statistics,TD_Kneeadduction,TO_Kneeadduction,TD_Kneeflexion,TD_Hipflexion,TD_Ankledorsiflexion,TO_Kneeflexion,TO_Hipflexion,TO_Ankledorsiflexion
mean,1.4821697376624456,-5.839313155914193,-0.9694482551372138,18.28996508570066,-1.193417805921661,31.051155256290315,-20.1969396934569,-1.809231558321996
std,1.5103976605313045,2.3341780776727745,1.7220348654865474,4.1120385929222065,2.1542833603598783,4.058826687844755,7.972768442464058,2.99774078368785
min,-1.600204977709609,-9.717853680384394,-3.539387638652784,11.46104739448262,-3.796216840810473,25.59760251930064,-28.565642275185667,-7.010019477834135
max,3.498544511431618,-1.260786044680117,2.299246645437762,24.107534349690354,3.569295127606779,38.40839873002872,-4.542045564576966,2.276384749769761
range,5.098749489141227,8.457067635704277,5.838634284090546,12.646486955207735,7.365511968417252,12.810796210728082,24.0235967106087,9.286404227603896
