statistics,TD_Kneeadduction,TO_Kneeadduction,TD_Kneeflexion,TD_Hipflexion,TD_Ankledorsiflexion,TO_Kneeflexion,TO_Hipflexion,TO_Ankledorsiflexion
mean,1.9539217906353226,-5.226384602515805,-4.428576966931256,18.100470378850222,1.4393720350377255,30.516614775945328,-21.17802368106379,-0.5368145504328167
std,1.77033214323753,2.6011763979716465,1.6887626536102767,4.47882283574366,2.2129618890243763,4.505088066169467,8.456518167742516,3.2774447829845688
min,-1.4738353454329172,-9.383973802824102,-7.222552828983396,10.882726667537042,-3.521723508987023,24.121643330601216,-29.3270539142508,-5.086872754673195
max,4.474492146280966,-0.003091389641213,-1.6033309503457076,24.169199537930552,4.168520424562502,38.69645565941684,-4.665588438822567,5.107747996735228
range,5.948327491713883,9.380882413182889,5.619221878637688,13.28647287039351,7.6902439335495245,14.574812328815625,24.661465475428233,10.194620751408422
