statistics,TD_Kneeadduction,TO_Kneeadduction,TD_Kneeflexion,TD_Hipflexion,TD_Ankledorsiflexion,TO_Kneeflexion,TO_Hipflexion,TO_Ankledorsiflexion
mean,1.1360339162649922,-5.297465716504651,2.0539826919488675,19.91720002563154,-0.9030528539379231,42.558752245680665,-11.553483593234619,4.887634301407928
std,1.5794066577405808,3.82479061564295,2.5333994540669376,3.8893585641454567,1.3947900991401116,3.7680937208101617,7.74455535818388,2.308980383162718
min,-0.9223237145797896,-11.255802828123848,-3.563542329640228,13.643349121237264,-3.823300620147052,36.840241181701,-21.00996829799925,0.7678815550775226
max,4.501983027585197,1.7656996995600025,7.032820060501564,26.15992007119334,0.4921288799437349,48.83970228910846,0.3790312669901823,9.982036054458687
range,5.424306742164987,13.02150252768385,10.596362390141792,12.516570949956076,4.3154295000907865,11.999461107407456,21.388999564989433,9.214154499381165
