statistics,TD_Kneeadduction,TO_Kneeadduction,TD_Kneeflexion,TD_Hipflexion,TD_Ankledorsiflexion,TO_Kneeflexion,TO_Hipflexion,TO_Ankledorsiflexion
mean,1.3041253329575209,-5.230030956472476,-1.3611226047322826,19.74538928687996,1.625109121504612,42.4950485087956,-12.149358371347889,-7.263576781582699
std,1.7871500677283412,4.119200526135719,2.156867830831374,4.140539302773747,1.4491733544683714,4.181457385955867,8.109159229361243,2.1516058790973407
min,-1.1437967493968415,-12.123429091151706,-6.303904781349445,13.273235345472244,-0.1214903387404291,36.01219177835651,-21.93063333370748,-11.58006111767942
max,5.185466429677376,2.3863105184086635,2.953650283660977,26.470881435625984,4.574180561872481,49.20373663215466,0.3808110705807621,-2.923957426237209
range,6.329263179074218,14.50973960956037,9.257555065010422,13.19764609015374,4.69567090061291,13.191544853798149,22.311444404288242,8.656103691442212
