statistics,TD_Kneeflexion,TD_Hipflexion,TD_Ankledorsiflexion,TO_Kneeflexion,TO_Hipflexion,TO_Ankledorsiflexion,TD_Kneeadduction,TO_Kneeadduction
mean,-1.3610969171773089,19.745407607632888,-1.6250931763413117,42.49511964016882,-12.149295709857817,7.263673854215226,1.304191372815995,-5.229922779201462
std,2.157048432904938,4.140614043424318,1.4490887123569232,4.181533221600368,8.109147464697722,2.151503080084046,1.7872772675066333,4.11923840846741
min,-6.302445669324186,13.273279404255817,-4.573921753855714,36.01244849349132,-21.93045233887821,2.926119688802501,-1.1437596790613895,-12.12336060895359
max,2.954672554115291,26.47127023516518,0.1208576519768058,49.20366526763138,0.3806888851921997,11.579123008380549,5.185794139933904,2.3866534768102667
range,9.257118223439477,13.197990830909362,4.69477940583252,13.19121677414006,22.31114122407041,8.653003319578048,6.329553818995294,14.510014085763856
