statistics,TD_Kneeadduction,TO_Kneeadduction,TD_Kneeflexion,TD_Hipflexion,TD_Ankledorsiflexion,TO_Kneeflexion,TO_Hipflexion,TO_Ankledorsiflexion
mean,1.3041253329575209,-5.230030956472476,-4.020410775913201,19.709352089460754,2.282641135762031,42.08013775495925,-12.679457025578317,-9.260823266621228
std,1.7871500677283412,4.119200526135719,1.6439267397286483,4.336275437917607,1.4445756187332868,4.657046104090207,8.390993779059572,2.060043649708681
min,-1.1437967493968415,-12.123429091151706,-7.632866074114645,13.367711273564566,0.1165085648640769,34.80330275261673,-22.909046947638306,-13.118273530482966
max,5.185466429677376,2.3863105184086635,-0.3776907091474299,26.793741260046232,5.0473738487415005,49.40655838591624,0.0794647273986868,-5.256539805464286
range,6.329263179074218,14.50973960956037,7.255175364967215,13.426029986481666,4.930865283877424,14.603255633299511,22.988511675036992,7.861733725018681
