TD_Kneeadduction_1,TD_Kneeadduction_2,TD_Kneeadduction_3,TD_Kneeadduction_4,TO_Kneeadduction_1,TO_Kneeadduction_2,TO_Kneeadduction_3,TO_Kneeadduction_4,TD_Kneeflexion_1,TD_Hipflexion_1,TD_Ankledorsiflexion_1,TD_Kneeflexion_2,TD_Hipflexion_2,TD_Ankledorsiflexion_2,TD_Kneeflexion_3,TD_Hipflexion_3,TD_Ankledorsiflexion_3,TD_Kneeflexion_4,TD_Hipflexion_4,TD_Ankledorsiflexion_4,TO_Kneeflexion_1,TO_Hipflexion_1,TO_Ankledorsiflexion_1,TO_Kneeflexion_2,TO_Hipflexion_2,TO_Ankledorsiflexion_2,TO_Kneeflexion_3,TO_Hipflexion_3,TO_Ankledorsiflexion_3,TO_Kneeflexion_4,TO_Hipflexion_4,TO_Ankledorsiflexion_4
1.526610340826721,4.501983027585197,1.1682329038365251,2.6181561162904927,-0.911904313697562,-7.07777178569026,1.7656996995600025,-6.933326643646296,,,,,,,,,,,,,,,,,,,,,,,,
0.6877286397673004,-0.5449272549566331,0.1849968642802935,-0.9223237145797896,-5.169235551742474,-7.988582811486083,-7.945401761120053,-1.6203140301320218,,,,,,,,,,,,,,,,,,,,,,,,
3.018941052907905,-0.2124225764198684,0.7474839374861233,0.8579476581556378,-2.586663722789183,-4.684300258997979,-9.16198459019006,-11.255802828123848,,,,,,,,,,,,,,,,,,,,,,,,
,,,,,,,,0.5101209536186104,17.670496823578702,-0.4088944991179062,7.032820060501564,17.949363805613018,-3.823300620147052,2.773220267977877,21.796663916559908,-3.136633259472177,2.276534156121756,22.278812729989,-0.5519954585480349,41.566006697214334,-20.00684423701361,5.456688954355101,36.840241181701,-21.00996829799925,5.115233710956218,42.36321319936911,-7.629025196425545,5.233647031017682,48.83970228910846,0.1197105090085131,2.929691901346928
,,,,,,,,-3.563542329640228,13.643349121237264,0.4576023267710951,2.8583981594258034,17.631095880617465,0.4921288799437349,4.456195912013925,22.260708187526177,-1.6988471203427764,1.0437553392275165,22.75243088045582,-0.5343079222573834,40.78556545893849,-17.7696920290617,9.982036054458687,39.19031363096087,-15.191145080267349,4.96516406303104,41.65927781137111,-8.641313019053314,5.03597407953545,47.493724010515,0.3790312669901823,2.5032378492279577
,,,,,,,,0.24732613749714,14.639722460612006,-0.3488522055338592,2.699640980159245,17.90470067201406,-1.5545772436265537,1.8709598552897264,26.15992007119334,0.3081481611496173,2.442362811193476,24.31913575818172,-0.0371052860737819,39.45607097353022,-18.94829639600212,0.7678815550775226,41.48618509762167,-13.472214569866054,6.951184882792944,42.76189850487023,-13.897070659945314,5.697290317779732,48.26282809296748,-2.5749754091798707,4.013581217315874
