statistics,TD_Kneeadduction,TO_Kneeadduction,TD_Kneeflexion,TD_Hipflexion,TD_Ankledorsiflexion,TO_Kneeflexion,TO_Hipflexion,TO_Ankledorsiflexion
mean,0.5263888423705841,0.3384860210339535,1.0218248594797004,22.729911227621248,4.006235821516132,44.407491618290216,-9.643473022386504,-1.4966914286136241
std,2.608666573756069,2.1597007329949323,2.575883304992043,3.8434951813067775,1.9986112364952262,2.026917801810771,5.283076119297366,2.35357604528431
min,-3.857240138167043,-3.654399634821061,-3.471152609902361,17.738413183161924,0.7860473605955605,40.72329964870482,-18.546471611529057,-4.697719601882653
max,4.517210057388951,3.7303972411842494,5.4697839589833,27.961421274651457,7.588621155167786,47.92058910239089,-4.192639726869061,2.580589619415221
range,8.374450195555994,7.384796876005311,8.940936568885661,10.223008091489532,6.8025737945722256,7.197289453686075,14.353831884659996,7.278309221297874
