statistics,TD_Kneeflexion,TD_Hipflexion,TD_Ankledorsiflexion,TO_Kneeflexion,TO_Hipflexion,TO_Ankledorsiflexion,TD_Kneeadduction,TO_Kneeadduction
mean,1.0219362834572838,22.729992276763948,-4.006308058354448,44.407515226872285,-9.6434182679294,1.4968624925282288,0.5263972096622543,0.3384558429560561
std,2.5753969016326037,3.8436128967684806,1.9989039837889853,2.0273262249588635,5.283059418812446,2.3536664545537387,2.608672791209894,2.1598422816316507
min,-3.4690546708959857,17.73876849767899,-7.588129258133492,40.72216577264453,-18.546315420526128,-2.579388153610026,-3.8572559208903385,-3.654614944364397
max,5.470423989502905,27.962077488513643,-0.7850873316462383,47.921860053530935,-4.19315418035805,4.700219085628987,4.517401525576474,3.731020052342558
range,8.93947866039889,10.223308990834653,6.8030419264872535,7.199694280886405,14.353161240168077,7.279607239239013,8.374657446466813,7.385634996706955
