statistics,TD_Kneeadduction,TO_Kneeadduction,TD_Kneeflexion,TD_Hipflexion,TD_Ankledorsiflexion,TO_Kneeflexion,TO_Hipflexion,TO_Ankledorsiflexion
mean,0.09159464833737492,0.4220122824602465,4.460037712330307,22.991006166129285,-3.0309045607587257,44.04349596015417,-9.385596767763763,-0.5903383100667412
std,2.443260181433214,1.9675487178617996,2.4132286046468265,3.5179434849016005,1.8679722992713053,1.4629096433853215,5.049613190180728,2.161660558679277
min,-3.9660164574216026,-3.382699845669777,-0.0280715412346523,18.435926393544666,-5.817376738755016,41.22697383808364,-17.84826361085308,-3.866826889693357
max,4.129643147676973,2.9930272469296426,8.35121839576965,27.56682435789122,0.1819404422370354,46.400407241273626,-3.882022402005248,3.094135745078603
range,8.095659605098575,6.375727092599419,8.379289937004302,9.130897964346556,5.999317180992051,5.173433403189989,13.966241208847833,6.96096263477196
