statistics,TD_Kneeadduction,TO_Kneeadduction,TD_Kneeflexion,TD_Hipflexion,TD_Ankledorsiflexion,TO_Kneeflexion,TO_Hipflexion,TO_Ankledorsiflexion
mean,0.5263888423705841,0.3384860210339535,-1.8520192783127694,22.431047516785824,4.94328350643466,44.44222218299216,-9.748033813203234,-3.4616978390729103
std,2.608666573756069,2.1597007329949323,2.676806290212529,4.0055847707376335,2.149409881051039,2.8075932056957886,5.562151370598354,2.7207542345087585
min,-3.857240138167043,-3.654399634821061,-6.017443644905256,17.292643730540618,1.9163872704543223,39.69012558430478,-18.939501226211604,-7.398785398178177
max,4.517210057388951,3.7303972411842494,2.830224890676988,28.198101596832885,9.31752652460517,49.11240150298801,-3.8963405174666255,1.5484807697492755
range,8.374450195555994,7.384796876005311,8.847668535582244,10.905457866292267,7.4011392541508485,9.422275918683226,15.043160708744978,8.947266167927452
