TD_Kneeadduction_1,TD_Kneeadduction_2,TD_Kneeadduction_3,TD_Kneeadduction_4,TO_Kneeadduction_1,TO_Kneeadduction_2,TO_Kneeadduction_3,TO_Kneeadduction_4,TD_Kneeflexion_1,TD_Hipflexion_1,TD_Ankledorsiflexion_1,TD_Kneeflexion_2,TD_Hipflexion_2,TD_Ankledorsiflexion_2,TD_Kneeflexion_3,TD_Hipflexion_3,TD_Ankledorsiflexion_3,TD_Kneeflexion_4,TD_Hipflexion_4,TD_Ankledorsiflexion_4,TO_Kneeflexion_1,TO_Hipflexion_1,TO_Ankledorsiflexion_1,TO_Kneeflexion_2,TO_Hipflexion_2,TO_Ankledorsiflexion_2,TO_Kneeflexion_3,TO_Hipflexion_3,TO_Ankledorsiflexion_3,TO_Kneeflexion_4,TO_Hipflexion_4,TO_Ankledorsiflexion_4
3.0305425230524463,4.517210057388951,1.3779264091052994,-1.6993924551577493,3.7303972411842494,-0.4780334131773429,0.3690856035456704,-3.654399634821061,,,,,,,,,,,,,,,,,,,,,,,,
3.83793758247856,0.6220883196032787,0.8871311809466249,-3.2804939924447467,1.1401263879695591,2.969034803400433,2.109784274825301,1.1642069288018604,,,,,,,,,,,,,,,,,,,,,,,,
-3.857240138167043,0.1248054746195919,1.3681323123002471,-0.6119811652784506,0.9062640518821184,-1.0124540179857604,-0.5385033644067789,-2.6436766088108072,,,,,,,,,,,,,,,,,,,,,,,,
,,,,,,,,-1.7324204146888462,19.36882796110345,2.545853935326207,0.7054270394619095,18.861357289851327,7.588621155167786,5.4697839589833,27.539277996449187,4.8796771980927645,-1.4864930750079282,22.118509259045226,3.101839115359212,43.24191953605845,-18.546471611529057,-4.195229936286793,41.80164352052901,-16.10854433820279,0.4282973121989073,45.96817103904869,-5.67158250977144,-0.4386346783782358,45.24266788894076,-4.511731488993007,-0.3630874696646913
,,,,,,,,-3.471152609902361,17.738413183161924,3.32897557772867,0.4850310959265016,21.428732583572497,0.7860473605955605,3.4567146863647054,25.953471905124303,4.928125718977753,0.769901354250834,25.491591769422968,1.739911284541293,44.46586151068482,-14.180996788982668,-4.578520094074904,43.704879416878725,-10.28881110448944,-1.9594747466963012,45.43777601704741,-4.192639726869061,0.8329138554947946,44.58679433782223,-4.2952488846785,-2.562908280287345
,,,,,,,,1.0533915332809445,19.068560850297928,2.783977122831118,0.1445770519016207,20.025131810990217,5.608205072393943,3.012722739259459,27.961421274651457,6.548883205096075,3.854414953926266,27.20363884778453,4.234713112083199,40.72329964870482,-16.266757058727535,2.580589619415221,46.61901937847324,-8.24118783086223,-2.985436405692795,47.92058910239089,-5.851632934017374,-0.0210867175086946,43.17727802290352,-7.566071991514946,-4.697719601882653
