TD_Kneeadduction_1,TD_Kneeadduction_2,TD_Kneeadduction_3,TD_Kneeadduction_4,TO_Kneeadduction_1,TO_Kneeadduction_2,TO_Kneeadduction_3,TO_Kneeadduction_4,TD_Kneeflexion_1,TD_Hipflexion_1,TD_Ankledorsiflexion_1,TD_Kneeflexion_2,TD_Hipflexion_2,TD_Ankledorsiflexion_2,TD_Kneeflexion_3,TD_Hipflexion_3,TD_Ankledorsiflexion_3,TD_Kneeflexion_4,TD_Hipflexion_4,TD_Ankledorsiflexion_4,TO_Kneeflexion_1,TO_Hipflexion_1,TO_Ankledorsiflexion_1,TO_Kneeflexion_2,TO_Hipflexion_2,TO_Ankledorsiflexion_2,TO_Kneeflexion_3,TO_Hipflexion_3,TO_Ankledorsiflexion_3,TO_Kneeflexion_4,TO_Hipflexion_4,TO_Ankledorsiflexion_4
2.407598613303918,4.129643147676973,1.5218039208974403,-2.047948985001682,2.9930272469296426,0.1044675641707328,0.7940192254762053,-3.382699845669777,,,,,,,,,,,,,,,,,,,,,,,,
2.781987586328455,0.2819156741242352,-0.6295474363354003,-3.085437233976222,1.7650655239886532,2.7472660372509097,2.2261517633513392,0.9263652459107448,,,,,,,,,,,,,,,,,,,,,,,,
-3.9660164574216026,0.1119306247911424,0.9893296095017944,-1.3961232838405522,0.5902232980230622,-1.1693111581934374,-0.1964306791203398,-2.333996832594778,,,,,,,,,,,,,,,,,,,,,,,,
,,,,,,,,1.4165731436739577,19.73314587766572,-2.1727919541882983,5.281796475798075,19.54451069997046,-5.817376738755016,8.35121839576965,27.56682435789122,-4.283688314312272,2.552210607093315,22.366385654286177,-2.312042437950808,42.93329786214952,-17.84826361085308,1.7414482590175735,42.24702773448567,-15.272818183578636,-1.7441513482218485,44.878808400952096,-6.093287247888497,-1.4016998599596633,45.531078664664335,-3.882022402005248,-2.802757977467465
,,,,,,,,-0.0280715412346523,18.435926393544666,-3.057955288951746,4.316645187135663,22.047139803373117,0.1819404422370354,7.259751268565168,26.43941274610583,-3.509466844240933,3.394504854595453,25.18844284137572,-0.5942243292866323,44.48569186760852,-13.70930488823916,3.094135745078603,43.71927483022634,-9.62804017012121,0.1885546348725455,43.91531111837952,-4.47713472994738,-2.444210047778128,44.44183694505219,-3.986807548844865,0.3354408524597829
,,,,,,,,4.55962533223601,19.485753617392987,-1.5801611062732237,4.181507318372297,20.619471388899683,-4.441827735563862,5.559196692781597,27.41007523364067,-5.715915822010004,6.675494813177153,27.054985379405167,-3.067344599808948,41.22697383808364,-16.137515330938157,-3.866826889693357,45.36921862017951,-8.062634455752828,0.0095424805432315,46.400407241273626,-6.695940334407453,-2.220506203018502,43.37302439879505,-6.833392310588636,2.026970633366332
