statistics,TD_Kneeadduction,TO_Kneeadduction,TD_Kneeflexion,TD_Hipflexion,TD_Ankledorsiflexion,TO_Kneeflexion,TO_Hipflexion,TO_Ankledorsiflexion
mean,2.85443503782534,-11.57229177539718,1.0635738891196642,26.00695457247871,0.8897301870814935,35.0714012335476,-16.3831077662888,-7.602652837226695
std,2.0329683965303684,3.74712098148586,2.2433344788259526,2.8791183155292077,1.719763637127534,6.938663900595745,7.609035922260623,3.1919134631574697
min,-1.0587964212699603,-18.14812777181785,-2.121103912109134,19.83079947836967,-2.619642471163189,24.624057108388055,-22.883806851109483,-14.325765493863088
max,5.860488568968435,-7.225356160279603,5.707916662335151,28.336964644488265,2.9546728916644014,46.49537182749748,-3.4165252734430567,-2.4163075647861376
range,6.9192849902383955,10.922771611538248,7.829020574444286,8.506165166118596,5.5743153628275905,21.871314719109424,19.467281577666427,11.90945792907695
