statistics,TD_Kneeadduction,TO_Kneeadduction,TD_Kneeflexion,TD_Hipflexion,TD_Ankledorsiflexion,TO_Kneeflexion,TO_Hipflexion,TO_Ankledorsiflexion
mean,0.9632775503136392,-9.960007743772623,3.440899968142015,25.923502355164775,-0.7130621259151985,35.85209102550876,-15.643521562079684,5.936739553563004
std,1.5170466684534334,2.4059816653466353,1.5426315508520179,2.437002105596737,1.6627641414299312,6.377037295085392,7.249272932283607,2.7566732966703555
min,-1.440970706184828,-14.397373457259905,1.573663634994631,20.584856157328005,-2.8174809885401686,26.543678369126468,-22.342820781849326,1.6022256214087918
max,3.516331831372128,-6.567353246367532,6.642463556121271,27.91173254603225,2.7673895099328263,46.31120371561826,-3.446177668693764,11.270105940188444
range,4.957302537556956,7.830020210892372,5.06879992112664,7.326876388704246,5.584870498472995,19.767525346491794,18.896643113155562,9.667880318779652
