statistics,TD_Kneeadduction,TO_Kneeadduction,TD_Kneeflexion,TD_Hipflexion,TD_Ankledorsiflexion,TO_Kneeflexion,TO_Hipflexion,TO_Ankledorsiflexion
mean,2.85443503782534,-11.57229177539718,3.438884344391267,25.923569471510064,0.7132940581691104,35.8513751121579,-15.644161989016112,-5.938437141154133
std,2.0329683965303684,3.74712098148586,1.5433512268072733,2.437336624588741,1.6627655784489406,6.377621909311585,7.2496422223054005,2.7570650026089982
min,-1.0587964212699603,-18.14812777181785,1.5708305817593669,20.5842609274502,-2.767284375939297,26.54148214718404,-22.34342882572321,-11.27292732316019
max,5.860488568968435,-7.225356160279603,6.641860843729177,27.9117940457989,2.8175581779608336,46.31152286507125,-3.446032087591675,-1.603007370505196
range,6.9192849902383955,10.922771611538248,5.07103026196981,7.3275331183487005,5.584842553900131,19.770040717887206,18.897396738131533,9.669919952654993
