statistics,TD_Kneeadduction,TO_Kneeadduction,TD_Kneeflexion,TD_Hipflexion,TD_Ankledorsiflexion,TO_Kneeflexion,TO_Hipflexion,TO_Ankledorsiflexion
mean,2.2053046040311295,-11.23157290336319,6.199821954171672,25.785118563930336,-0.6350225202635672,36.584319377079886,-14.772020395204896,3.7345402464359956
std,1.8678344114994208,3.3149172786212864,1.1942765736610335,2.154251857031095,1.6937463626231373,5.740732973145256,6.869865053558961,2.2706520423784244
min,-0.8811543804762323,-17.17871707789004,4.856775450849426,21.13252358301898,-2.855335641652772,28.52956828959572,-21.38177650327762,0.1693473947400718
max,5.24447893434612,-7.542198825807304,8.13702459424141,27.794052733973245,2.8135227545895134,45.84123043978991,-3.4333365761508787,7.424163815539856
range,6.125633314822352,9.636518252082737,3.280249143391984,6.661529150954266,5.668858396242285,17.31166215019419,17.948439927126742,7.254816420799784
