TD_Kneeadduction_1,TD_Kneeadduction_2,TD_Kneeadduction_3,TD_Kneeadduction_4,TO_Kneeadduction_1,TO_Kneeadduction_2,TO_Kneeadduction_3,TO_Kneeadduction_4,TD_Kneeflexion_1,TD_Hipflexion_1,TD_Ankledorsiflexion_1,TD_Kneeflexion_2,TD_Hipflexion_2,TD_Ankledorsiflexion_2,TD_Kneeflexion_3,TD_Hipflexion_3,TD_Ankledorsiflexion_3,TD_Kneeflexion_4,TD_Hipflexion_4,TD_Ankledorsiflexion_4,TO_Kneeflexion_1,TO_Hipflexion_1,TO_Ankledorsiflexion_1,TO_Kneeflexion_2,TO_Hipflexion_2,TO_Ankledorsiflexion_2,TO_Kneeflexion_3,TO_Hipflexion_3,TO_Ankledorsiflexion_3,TO_Kneeflexion_4,TO_Hipflexion_4,TO_Ankledorsiflexion_4
-1.0587964212699603,4.019008270586198,2.7816480080373367,5.860488568968435,-7.225356160279603,-8.213674049372685,-14.808480161337968,,,,,,,,,,,,,,,,,,,,,,,,,
3.228972566234092,1.8851960263953345,1.262126379819847,5.555232452651012,-8.481404498480543,-9.392320786624026,-11.995499627359692,-18.14812777181785,,,,,,,,,,,,,,,,,,,,,,,,
4.215799038910916,3.347423736378289,0.257600635250867,2.898521191941711,-8.166316843003585,-11.031213424851956,-16.8879352144707,-12.94488099177036,,,,,,,,,,,,,,,,,,,,,,,,
,,,,,,,,2.0120802405664904,21.604979812370143,-0.033048699373765,2.227471049800897,24.71830844229873,-0.6561658531849588,3.2027235110633683,26.983649807605985,1.3434791159177877,1.9019512721482383,25.627433904689497,2.503252641176587,26.54148214718404,-19.585097328905988,-7.524150346173016,31.22769884455971,-21.60667039228201,-8.192771466199758,34.80182292675033,-16.670874111917016,-3.158044202446632,44.42732700921772,-3.870606461657815,-5.490350029686823
,,,,,,,,5.408269308167689,26.98604763866101,-0.9940977439582924,4.637554178288838,27.9117940457989,0.7674392632988258,6.641860843729177,26.98372021496928,1.5053343140137514,3.707896000713703,27.73749774722833,2.2093967300477573,32.252250487076054,-19.84919789369991,-1.603007370505196,34.81835106273357,-19.543622751439187,-7.045457986488458,39.88229525397279,-14.691919087854671,-5.760585687581255,43.69142013817526,-5.059920021860762,-7.196569131672987
,,,,,,,,1.5708305817593669,20.5842609274502,-2.767284375939297,3.273841563433365,26.993686238426196,-0.0574876170437903,4.081783678616546,27.29619455598649,1.9211527451138863,2.6003499044075227,27.655260322636025,2.8175581779608336,29.382661575191836,-20.76962011861147,-1.8724903891577755,31.19392584241291,-22.34342882572321,-6.91713702935597,35.68574319354937,-20.29295478664963,-5.227754731421541,46.31152286507125,-3.446032087591675,-11.27292732316019
