TD_Kneeadduction_1,TD_Kneeadduction_2,TD_Kneeadduction_3,TD_Kneeadduction_4,TO_Kneeadduction_1,TO_Kneeadduction_2,TO_Kneeadduction_3,TO_Kneeadduction_4,TD_Kneeflexion_1,TD_Hipflexion_1,TD_Ankledorsiflexion_1,TD_Kneeflexion_2,TD_Hipflexion_2,TD_Ankledorsiflexion_2,TD_Kneeflexion_3,TD_Hipflexion_3,TD_Ankledorsiflexion_3,TD_Kneeflexion_4,TD_Hipflexion_4,TD_Ankledorsiflexion_4,TO_Kneeflexion_1,TO_Hipflexion_1,TO_Ankledorsiflexion_1,TO_Kneeflexion_2,TO_Hipflexion_2,TO_Ankledorsiflexion_2,TO_Kneeflexion_3,TO_Hipflexion_3,TO_Ankledorsiflexion_3,TO_Kneeflexion_4,TO_Hipflexion_4,TO_Ankledorsiflexion_4
-0.9309020435092066,1.4815895284053795,0.1417471301799651,3.516331831372128,-8.271777230232857,-6.567353246367532,-11.398792495041334,,,,,,,,,,,,,,,,,,,,,,,,,
0.8086729737696317,0.1879973535702674,-0.4136990942098464,2.76038062318932,-9.943624861404771,-8.972042116488353,-9.164118052988757,-14.397373457259905,,,,,,,,,,,,,,,,,,,,,,,,
1.6253896390689988,2.410849649937802,-1.440970706184828,1.411943718174058,-7.465964530943808,-9.604086349679932,-13.6735261725091,-10.10142666858252,,,,,,,,,,,,,,,,,,,,,,,,
,,,,,,,,1.573663634994631,20.584856157328005,2.7673895099328263,3.2757924462824235,26.99361461420588,0.0579290340891418,4.083535271901866,27.295801623864836,-1.920723722439476,2.6024112945614206,27.655367215506917,-2.8174809885401686,29.383773669884302,-20.769165206243827,1.8712923940417028,31.19454045844213,-22.342820781849326,6.915954847445775,35.686435331390015,-20.291900673189676,5.2264863623189655,46.31120371561826,-3.446177668693764,11.270105940188444
,,,,,,,,5.409580460059345,26.985834823667176,0.9940796558661162,4.639561978132718,27.91173254603225,-0.7673541573972074,6.642463556121271,26.9833491347149,-1.505314867993107,3.7081973631687504,27.73688760583985,-2.2090717665242607,32.25300434890647,-19.84883702614988,1.6022256214087918,34.81870000382449,-19.54336910056168,7.044060993917213,39.88270549112207,-14.691006318998262,5.759158257189682,43.69165673366925,-5.059724877349964,7.1947963399342285
,,,,,,,,2.0153903396819146,21.60569418673066,0.0335982252824607,2.230315702995,24.718019230865764,0.6565226299680518,3.205166143697824,26.983031872028675,-1.3431988584468542,1.904721426107017,25.62783925119237,-2.503120204779904,26.543678369126468,-19.58379320464485,7.522644917573075,31.22879133765309,-21.60542507858972,8.190293350727742,34.80337104302012,-16.66921731242107,3.156059843466494,44.42723180344851,-3.870821496264199,5.487795774543926
