TD_Kneeadduction_1,TD_Kneeadduction_2,TD_Kneeadduction_3,TD_Kneeadduction_4,TO_Kneeadduction_1,TO_Kneeadduction_2,TO_Kneeadduction_3,TO_Kneeadduction_4,TD_Kneeflexion_1,TD_Hipflexion_1,TD_Ankledorsiflexion_1,TD_Kneeflexion_2,TD_Hipflexion_2,TD_Ankledorsiflexion_2,TD_Kneeflexion_3,TD_Hipflexion_3,TD_Ankledorsiflexion_3,TD_Kneeflexion_4,TD_Hipflexion_4,TD_Ankledorsiflexion_4,TO_Kneeflexion_1,TO_Hipflexion_1,TO_Ankledorsiflexion_1,TO_Kneeflexion_2,TO_Hipflexion_2,TO_Ankledorsiflexion_2,TO_Kneeflexion_3,TO_Hipflexion_3,TO_Ankledorsiflexion_3,TO_Kneeflexion_4,TO_Hipflexion_4,TO_Ankledorsiflexion_4
-0.8811543804762323,3.136602676560784,1.6816140260252723,5.24447893434612,-7.699827138200135,-7.542198825807304,-13.943470663781255,,,,,,,,,,,,,,,,,,,,,,,,,
2.160271537097657,1.1571049529043194,0.6355175176626346,4.420275660821886,-9.46965010747428,-9.621515799758184,-11.084678872653598,-17.17871707789004,,,,,,,,,,,,,,,,,,,,,,,,
3.4674343532981595,3.3210842778177323,-0.4466044727473957,2.5670301650626186,-8.08728252059683,-10.671661613312123,-16.176812101071448,-12.071487216449896,,,,,,,,,,,,,,,,,,,,,,,,
,,,,,,,,5.1567741049404106,22.006484535121785,0.3751133933096184,5.332041918516325,24.4771568103437,0.7569358700957594,5.948827661880472,26.479622801256653,-1.3030865910692595,4.856775450849426,25.96112154418805,-2.493836515963608,28.52956828959572,-18.34507674175248,5.9512363788434754,32.11284494350218,-20.444535885242857,5.666719648019864,36.02373338686172,-15.110914829711676,1.2259249159374548,44.2962001397531,-3.806140963727273,2.8661775033173456
,,,,,,,,7.53220478470044,26.427767528960885,0.9601199804331628,7.964636927126776,27.666919851187657,-0.7441429366569423,8.13702459424141,26.54371006738788,-1.6401342481968584,5.037628197119318,27.13424416926492,-2.055006282953613,33.38488119771401,-19.09846192538461,0.38950472224316,35.24736213006395,-18.99096917760906,4.79512020773231,40.28722221069498,-13.242028161381713,3.4966712341958868,43.84364279996956,-4.748151651916288,4.449776722360227
,,,,,,,,5.230174527099308,21.13252358301898,2.8135227545895134,6.323950105111294,26.769744319352892,0.350115518851922,7.116512006193744,27.028074823107403,-1.7845355439497297,5.761313172281149,27.794052733973245,-2.855335641652772,30.97834248098448,-19.90958928041869,0.1693473947400718,31.86152765801836,-21.38177650327762,5.026371818167007,36.60527684801068,-18.753263045885603,3.3534685961352864,45.84123043978991,-3.4333365761508787,7.424163815539856
