statistics,TD_Kneeadduction,TO_Kneeadduction,TD_Kneeflexion,TD_Hipflexion,TD_Ankledorsiflexion,TO_Kneeflexion,TO_Hipflexion,TO_Ankledorsiflexion
mean,4.69387267231006,-10.295330664580286,-0.09240702098857649,19.800148460870954,4.2446895195643775,32.227758074668316,-18.232935639773068,-2.322778504168461
std,2.0997799932218713,3.61090373410433,2.932574811268798,1.161370614472656,1.2813704511322144,2.928936965006186,4.107430718885041,4.153921649077986
min,2.3108639723102726,-18.460609671947367,-5.277161058691661,17.822347051053043,2.265986625966377,28.644331866689896,-23.476316780174898,-8.70625397891024
max,8.827545134948963,-6.108525325128738,5.266598226715672,21.116794371659186,6.517576184962749,37.88683201570535,-9.28369372865066,4.641198147487856
range,6.51668116263869,12.352084346818629,10.543759285407333,3.2944473206061424,4.251589558996372,9.242500149015456,14.192623051524238,13.347452126398096
