statistics,TD_Kneeflexion,TD_Hipflexion,TD_Ankledorsiflexion,TO_Kneeflexion,TO_Hipflexion,TO_Ankledorsiflexion,TD_Kneeadduction,TO_Kneeadduction
mean,-0.09180292266372447,19.800057907759427,-4.244513782754403,32.228144704249324,-18.23250888454309,2.3219545035571976,4.69386205700179,-10.295416040708277
std,2.9325998470051866,1.1612741439690693,1.2813020141033862,2.9288044641114652,4.107318310784916,4.1538523265398295,2.0997260810397846,3.6109485550742626
min,-5.277071415816977,17.822428465575427,-6.517347779949517,28.644386362910808,-23.475653660356983,-4.641279198880142,2.3110907087309727,-18.46091354252195
max,5.266650083368091,21.116721003523963,-2.2658286139063364,37.886821819568524,-9.283680132991122,8.704614551642294,8.827569574663812,-6.108552921838623
range,10.543721499185068,3.294292537948536,4.251519166043181,9.242435456657716,14.19197352736586,13.345893750522436,6.516478865932839,12.352360620683328
