statistics,TD_Kneeadduction,TO_Kneeadduction,TD_Kneeflexion,TD_Hipflexion,TD_Ankledorsiflexion,TO_Kneeflexion,TO_Hipflexion,TO_Ankledorsiflexion
mean,4.515980041142761,-10.206414741703275,2.20258309199019,19.537773921172903,-3.810883585989609,33.19179022638803,-16.816755366734203,-0.47874500127842623
std,1.885337857406103,3.726650544256285,2.7567366947786924,1.045739673208818,1.2879069993151422,2.4684963059842713,3.908561125882499,3.57766529973695
min,2.339037177896984,-18.840140528470272,-2.881056411548741,18.00269149274834,-6.155429954830794,29.46709808867314,-21.85154798022654,-6.30152269896216
max,8.282678465620535,-5.866956584333423,6.615706450931526,20.94450770751953,-2.026501874424085,37.788661284970175,-8.67304239642192,5.1975027644167255
range,5.943641287723551,12.97318394413685,9.496762862480267,2.9418162147711904,4.128928080406709,8.321563196297035,13.178505583804622,11.499025463378885
