statistics,TD_Kneeadduction,TO_Kneeadduction,TD_Kneeflexion,TD_Hipflexion,TD_Ankledorsiflexion,TO_Kneeflexion,TO_Hipflexion,TO_Ankledorsiflexion
mean,4.69387267231006,-10.295330664580286,-1.8296832502184113,20.170491442723527,4.540127282670061,30.938902578967458,-19.4769335714988,-4.746927453576084
std,2.0997799932218713,3.61090373410433,3.108086475811961,1.358766849714514,1.3684291922071727,3.45775320091468,4.43932767671774,4.627689466140831
min,2.3108639723102726,-18.460609671947367,-7.123396224116249,17.75162634429455,2.235322200476673,27.05088000671995,-25.148996238697464,-11.74434087767662
max,8.827545134948963,-6.108525325128738,4.322521865772018,21.534624503543316,6.879776706216035,37.6866278551764,-9.749191254857266,3.021091933957805
range,6.51668116263869,12.352084346818629,11.445918089888266,3.7829981592487663,4.644454505739361,10.635747848456447,15.399804983840198,14.765432811634426
