TD_Kneeadduction_1,TD_Kneeadduction_2,TD_Kneeadduction_3,TD_Kneeadduction_4,TO_Kneeadduction_1,TO_Kneeadduction_2,TO_Kneeadduction_3,TO_Kneeadduction_4,TD_Kneeflexion_1,TD_Hipflexion_1,TD_Ankledorsiflexion_1,TD_Kneeflexion_2,TD_Hipflexion_2,TD_Ankledorsiflexion_2,TD_Kneeflexion_3,TD_Hipflexion_3,TD_Ankledorsiflexion_3,TD_Kneeflexion_4,TD_Hipflexion_4,TD_Ankledorsiflexion_4,TO_Kneeflexion_1,TO_Hipflexion_1,TO_Ankledorsiflexion_1,TO_Kneeflexion_2,TO_Hipflexion_2,TO_Ankledorsiflexion_2,TO_Kneeflexion_3,TO_Hipflexion_3,TO_Ankledorsiflexion_3,TO_Kneeflexion_4,TO_Hipflexion_4,TO_Ankledorsiflexion_4
3.724501891469629,7.10784873758584,5.905884953441188,2.3108639723102726,-7.873249319024467,-11.499426468742456,-9.97201530234409,-18.460609671947367,,,,,,,,,,,,,,,,,,,,,,,,
4.192594323871674,8.827545134948963,4.268244415068892,3.925277585620506,-8.032671624506463,-9.618655718606334,-7.91222726324483,-13.72493505267522,,,,,,,,,,,,,,,,,,,,,,,,
2.572034404109047,7.264710320902822,2.684484240684469,3.542482087707413,-7.586629054991846,-6.108525325128738,-8.28682175666674,-14.468201417084884,,,,,,,,,,,,,,,,,,,,,,,,
,,,,,,,,4.2712374504392585,21.116794371659186,4.793781827653859,0.2244637294000711,18.33054645719821,5.240543837276789,-0.728956725878902,20.788986160441112,2.265986625966377,-3.5953731322398426,20.417064607935032,5.201145114446433,36.2432924829717,-17.076634650233473,1.7021631159050798,29.79291407988748,-21.197085944302017,-0.0461006128644214,30.584341413457366,-19.499960046331463,-1.1552274411154857,32.85494686138662,-12.850605971578716,-1.9753739271154276
,,,,,,,,5.266598226715672,20.57881680691517,3.0379192740012257,-0.7939255417730635,18.4224183875136,2.6123992135927523,-0.1276076151913514,20.81205234513624,4.53024610414252,-5.277161058691661,19.79258508507172,3.944968128547473,30.14715543018673,-19.94751162711765,4.641198147487856,28.644331866689896,-21.395754532758588,-4.76032523399752,31.24774125251801,-19.04802538259364,-4.31936817116366,37.88683201570535,-9.28369372865066,-8.632001375851289
,,,,,,,,1.603974381753062,18.670008020007288,3.3896943770693184,-0.0480409186056931,17.822347051053043,5.517152908928878,-2.031528032297672,20.63299697098995,3.884860638184151,0.1274349845072038,20.217165266530884,6.517576184962749,35.6693462600239,-18.985658004796026,0.5796876756687226,31.825709400366947,-21.41061821822373,0.5119602339440661,29.57158234902852,-23.476316780174898,-8.70625397891024,32.26490348379727,-14.623362790515955,-5.713700482009216
