statistics,TD_Kneeadduction,TO_Kneeadduction,TD_Kneeflexion,TD_Hipflexion,TD_Ankledorsiflexion,TO_Kneeflexion,TO_Hipflexion,TO_Ankledorsiflexion
mean,-0.09850416610367319,-2.0206882052935646,-3.4061929321853817,19.728309821137344,5.7016994493115325,30.607819085337564,-19.47758115793201,0.05846010265825541
std,2.894796197498854,2.1298134772593946,2.290253108599657,1.8638702006873897,4.172927022063502,4.539090330571464,6.795030452167227,3.2450637084407665
min,-5.952193333536172,-6.000968417517726,-7.818730590693264,17.264335052553065,-0.7548922654796968,24.54027108509973,-29.41867604055247,-6.881860823076636
max,4.709720954558492,0.7587887007823326,-0.5336736273133909,22.287777941183407,12.000695808725736,41.2674051120469,-8.737505895184114,3.1840937492225407
range,10.661914288094664,6.759757118300058,7.285056963379873,5.023442888630342,12.755588074205432,16.727134026947173,20.681170145368355,10.065954572299177
