statistics,TD_Kneeflexion,TD_Hipflexion,TD_Ankledorsiflexion,TO_Kneeflexion,TO_Hipflexion,TO_Ankledorsiflexion,TD_Kneeadduction,TO_Kneeadduction
mean,-3.4060993643914466,19.728317578465724,-5.701654905211189,30.607862343171234,-19.477497235083714,-0.05852251223692071,-0.0985553523025094,-2.0208078189703707
std,2.290494801969386,1.863780108259895,4.173013031685088,4.53896009482995,6.794920309248594,3.244958815301042,2.8948302905858796,2.1299101397519427
min,-7.818968191923602,17.264232415188303,-12.001019530457684,24.540739046043,-29.41798454598657,-3.183914587828369,-5.95222955489848,-6.001217760942467
max,-0.5322805170365825,22.28748553752635,0.7548194069694034,41.26720026679638,-8.737668317844395,6.881763284895683,4.709862686094425,0.7588540469438669
range,7.28668767488702,5.023253122338048,12.755838937427088,16.72646122075338,20.680316228142175,10.065677872724052,10.662092240992905,6.760071807886334
