statistics,TD_Kneeadduction,TO_Kneeadduction,TD_Kneeflexion,TD_Hipflexion,TD_Ankledorsiflexion,TO_Kneeflexion,TO_Hipflexion,TO_Ankledorsiflexion
mean,-0.27281996188993674,-2.5008859492549362,-0.30708336588119306,19.856053145758572,-4.34247053357123,31.052568146018995,-20.724622649560168,-1.4461880438732777
std,2.630104838727793,2.465357376663357,2.7326306502569886,1.7366963361901528,3.8733004758616465,4.368473606098452,11.72909813175078,3.3641045879648224
min,-5.822540609816883,-6.369165394439875,-5.48370993722375,17.819281225023104,-9.857805339819151,25.46226376899446,-51.99629020109677,-4.438421588619576
max,4.435057055444588,0.4323030493779356,3.1511109841785583,23.69804980169189,1.2285241385478258,41.94855507592243,-7.708829549318665,7.004142720261427
range,10.257597665261471,6.801468443817811,8.634820921402309,5.8787685766687865,11.086329478366977,16.486291306927967,44.287460651778105,11.442564308881003
