statistics,TD_Kneeadduction,TO_Kneeadduction,TD_Kneeflexion,TD_Hipflexion,TD_Ankledorsiflexion,TO_Kneeflexion,TO_Hipflexion,TO_Ankledorsiflexion
mean,-0.09850416610367319,-2.0206882052935646,-5.999362429075201,19.657124664155994,7.049071660594971,29.840667908238306,-20.463203686670973,-0.9256244105462818
std,2.894796197498854,2.1298134772593946,1.9134197901791574,2.5813088248292835,4.256162052131432,4.849434752079032,7.219572995742159,3.3215094175746596
min,-5.952193333536172,-6.000968417517726,-9.318631791259008,16.23820070484129,0.0819915358155043,22.869258589031432,-31.52090719895557,-6.666316869121161
max,4.709720954558492,0.7587887007823326,-3.754378634866697,22.9875841520728,14.001763103331896,40.35725504296991,-9.545908503472845,2.1389693037043718
range,10.661914288094664,6.759757118300058,5.564253156392311,6.749383447231509,13.919771567516392,17.48799645393848,21.974998695482725,8.805286172825532
