statistics,TD_Kneeadduction,TO_Kneeadduction,TD_Kneeflexion,TD_Hipflexion,TD_Ankledorsiflexion,TO_Kneeflexion,TO_Hipflexion,TO_Ankledorsiflexion
mean,2.247375589209264,-8.309732802230608,4.177538362364819,25.397676338673655,5.153721153149507,31.95785858565307,-18.540272760225356,-5.3106430997950635
std,2.2015682444626283,3.2252153452879107,1.9963653497218214,3.651335635619724,2.373252080188055,2.9843503630937156,4.771901811807291,3.428105010083574
min,-0.9719811034340466,-14.476663772728244,2.081514112127394,18.334269500328677,1.479308686364945,28.209832160640275,-23.872630867339492,-9.370364996384396
max,6.278880270820082,-3.493316966649786,7.598428780776032,30.36276000372993,7.981071172533163,37.84293073236736,-9.845483909070056,-0.276423875150698
range,7.250861374254129,10.983346806078458,5.516914668648638,12.028490503401255,6.501762486168218,9.633098571727082,14.027146958269435,9.093941121233698
