statistics,TD_Kneeadduction,TO_Kneeadduction,TD_Kneeflexion,TD_Hipflexion,TD_Ankledorsiflexion,TO_Kneeflexion,TO_Hipflexion,TO_Ankledorsiflexion
mean,2.247375589209264,-8.309732802230608,1.3381315528021502,25.123969573452044,5.57931208440031,30.99088882608826,-19.507393186102327,-7.867654607933083
std,2.2015682444626283,3.2252153452879107,2.416912557226193,4.4738024955917295,2.4155604878457932,3.2013199993863175,5.041959387830631,4.177154710704764
min,-0.9719811034340466,-14.476663772728244,-1.3482350698157577,16.77554107515141,1.7263782979216271,26.924824949676548,-24.94000939677926,-13.17595755993979
max,6.278880270820082,-3.493316966649786,5.980058482946845,30.78540836742073,8.524116288764617,37.2378566163402,-10.269370839605417,-1.9219130252822367
range,7.250861374254129,10.983346806078458,7.328293552762602,14.00986729226932,6.79773799084299,10.313031666663655,14.670638557173843,11.254044534657552
