statistics,TD_Kneeflexion,TD_Hipflexion,TD_Ankledorsiflexion,TO_Kneeflexion,TO_Hipflexion,TO_Ankledorsiflexion,TD_Kneeadduction,TO_Kneeadduction
mean,4.175429241124317,25.397657269375912,-5.154136044068572,31.95719088698683,-18.540933859364376,5.312860718189602,2.2473956247991453,-8.309594665033401
std,1.9953781277131177,3.651880894003916,2.37327661907404,2.9844284809500916,4.771868833626079,3.428684563169685,2.201823053323869,3.2252039934260175
min,2.0814261229152464,18.332967288296487,-7.981089311764066,28.209125641238217,-23.87266377878564,0.2780353953407513,-0.9718815763625912,-14.47673423420872
max,7.595613989470905,30.363097269808947,-1.479315646036227,37.84258299532365,-9.845899964300711,9.374096672126498,6.2799048832334,-3.4934434420960088
range,5.514187866555659,12.03012998151246,6.501773665727839,9.633457354085436,14.026763814484928,9.096061276785747,7.2517864595959916,10.983290792112712
