statistics,TD_Kneeadduction,TO_Kneeadduction,TD_Kneeflexion,TD_Hipflexion,TD_Ankledorsiflexion,TO_Kneeflexion,TO_Hipflexion,TO_Ankledorsiflexion
mean,2.2240586106572464,-8.696127512773325,7.363601382979789,25.510374953228343,-4.794274868715144,32.71528523939925,-17.40148814996344,2.2962072481205924
std,1.762228031296332,3.085535947286936,1.704453065024758,3.037912682352411,2.2522258375085973,2.739751110061616,4.603968854693548,2.6147065625197268
min,-0.6607195988713386,-14.6230448540189,5.442681395532873,19.62643540477856,-7.393673907909346,29.140315762285184,-22.4812388309783,-1.6644993884827812
max,4.884822251763467,-3.9218109137952695,9.94830890343772,29.9038706509389,-1.5273430447165453,38.152084908580974,-9.135282381053116,4.886677991829828
range,5.545541850634805,10.70123394022363,4.505627507904848,10.277435246160337,5.8663308631928,9.01176914629579,13.345956449925183,6.551177380312609
