TD_Kneeadduction_1,TD_Kneeadduction_2,TD_Kneeadduction_3,TD_Kneeadduction_4,TO_Kneeadduction_1,TO_Kneeadduction_2,TO_Kneeadduction_3,TO_Kneeadduction_4,TD_Kneeflexion_1,TD_Hipflexion_1,TD_Ankledorsiflexion_1,TD_Kneeflexion_2,TD_Hipflexion_2,TD_Ankledorsiflexion_2,TD_Kneeflexion_3,TD_Hipflexion_3,TD_Ankledorsiflexion_3,TD_Kneeflexion_4,TD_Hipflexion_4,TD_Ankledorsiflexion_4,TO_Kneeflexion_1,TO_Hipflexion_1,TO_Ankledorsiflexion_1,TO_Kneeflexion_2,TO_Hipflexion_2,TO_Ankledorsiflexion_2,TO_Kneeflexion_3,TO_Hipflexion_3,TO_Ankledorsiflexion_3,TO_Kneeflexion_4,TO_Hipflexion_4,TO_Ankledorsiflexion_4
-0.9719811034340466,2.2352289077768432,3.85763262002439,2.6142044199904437,-5.12391388428432,-3.493316966649786,-10.928492123229262,-14.476663772728244,,,,,,,,,,,,,,,,,,,,,,,,
6.278880270820082,0.521466773827683,0.5890294282910418,,-8.380997996765217,-8.928755810512513,-10.747719580413872,,,,,,,,,,,,,,,,,,,,,,,,,
1.821442113356369,0.7848788866827476,4.742973574757087,,-7.105149122233939,-5.553573740684925,-8.358745024803994,,,,,,,,,,,,,,,,,,,,,,,,,
,,,,,,,,-0.2532782484548477,16.77554107515141,3.8624145967723535,3.797001384417428,24.04993191997343,8.156431528224104,2.0954656494378696,30.78540836742073,8.509054833915485,-0.3063918128159741,26.93128164303701,6.599786150319986,30.183613876971407,-24.64427275327964,-1.9219130252822367,27.305362658680423,-21.095219730524175,-2.338318397344608,34.402140277717194,-15.369398928364204,-8.059965228065707,37.2378566163402,-10.269370839605417,-13.17595755993979
,,,,,,,,-1.3482350698157577,19.14635029041642,1.7263782979216271,-0.644947391370863,26.52873531486381,3.85849473391842,-0.8621069315942407,24.88287449283584,8.524116288764617,,,,26.924824949676548,-24.94000939677926,-8.524834618750148,29.75995727070256,-24.900174027786363,-9.52998723794802,32.15919270519768,-16.3780435033747,-10.22081684780703,,,
,,,,,,,,3.033389620341836,23.670342455921546,3.0223953195763045,5.980058482946845,29.618559562361558,5.440013441041245,1.890359844929208,28.850670612538693,6.094035653548957,,,,30.416191007077032,-20.16353908162057,-2.3382339533072525,28.824674993052952,-22.341660062898622,-10.924573007039283,32.69507390546656,-14.97224353679033,-11.641946203846755,,,
