TD_Kneeadduction_1,TD_Kneeadduction_2,TD_Kneeadduction_3,TD_Kneeadduction_4,TO_Kneeadduction_1,TO_Kneeadduction_2,TO_Kneeadduction_3,TO_Kneeadduction_4,TD_Kneeflexion_1,TD_Hipflexion_1,TD_Ankledorsiflexion_1,TD_Kneeflexion_2,TD_Hipflexion_2,TD_Ankledorsiflexion_2,TD_Kneeflexion_3,TD_Hipflexion_3,TD_Ankledorsiflexion_3,TD_Kneeflexion_4,TD_Hipflexion_4,TD_Ankledorsiflexion_4,TO_Kneeflexion_1,TO_Hipflexion_1,TO_Ankledorsiflexion_1,TO_Kneeflexion_2,TO_Hipflexion_2,TO_Ankledorsiflexion_2,TO_Kneeflexion_3,TO_Hipflexion_3,TO_Ankledorsiflexion_3,TO_Kneeflexion_4,TO_Hipflexion_4,TO_Ankledorsiflexion_4
-0.6607195988713386,2.239770689676675,3.8178403206505607,2.357184371614437,-5.685200806047703,-3.9218109137952695,-11.15159500871738,-14.6230448540189,,,,,,,,,,,,,,,,,,,,,,,,
4.884822251763467,0.9304092998581552,0.470849420426731,,-8.652870120206103,-9.688181981853605,-10.730933841380391,,,,,,,,,,,,,,,,,,,,,,,,,
2.452691734609374,1.3998844014215877,4.347853215422816,,-7.073357866907656,-6.494306004165452,-8.939973730640787,,,,,,,,,,,,,,,,,,,,,,,,,
,,,,,,,,7.949355162059334,19.62643540477856,-3.4015671924798028,9.94830890343772,25.54625989464753,-6.694110020818712,7.06654310407086,29.9038706509389,-7.107981436099621,5.778536373414312,26.49679607395385,-6.26930580203792,31.789279567483305,-22.21239336568217,-1.6644993884827812,29.140315762285184,-20.7735673696902,-0.675835559512663,35.11683153899759,-14.20840973467824,2.588144584204344,38.152084908580974,-9.135282381053116,4.828018865647806
,,,,,,,,5.451473772892967,21.89711275577565,-1.5273430447165453,5.442681395532873,27.091767864352533,-2.845303801068184,6.165674766066417,24.898304418688294,-7.393673907909346,,,,29.515801082340147,-22.4812388309783,2.992614271400612,33.17138803310735,-20.69593237709537,3.3852854785723565,33.46166652542229,-13.56029080733714,4.009288562481231,,,
,,,,,,,,8.399987046413003,24.15322442691354,-1.893405164788362,9.942443195516091,28.193543686846223,-4.359697961609541,7.491010110394313,27.29643435538836,-6.450360355623403,,,,31.6079645467849,-19.192355028148228,-1.6296370583543194,30.818747878283546,-18.91613235777092,4.886677991829828,34.37877255070717,-12.839279247200722,4.242014733419509,,,
