TD_Kneeadduction_1,TD_Kneeadduction_2,TD_Kneeadduction_3,TD_Kneeadduction_4,TO_Kneeadduction_1,TO_Kneeadduction_2,TO_Kneeadduction_3,TO_Kneeadduction_4,TD_Kneeflexion_1,TD_Hipflexion_1,TD_Ankledorsiflexion_1,TD_Kneeflexion_2,TD_Hipflexion_2,TD_Ankledorsiflexion_2,TD_Kneeflexion_3,TD_Hipflexion_3,TD_Ankledorsiflexion_3,TD_Kneeflexion_4,TD_Hipflexion_4,TD_Ankledorsiflexion_4,TO_Kneeflexion_1,TO_Hipflexion_1,TO_Ankledorsiflexion_1,TO_Kneeflexion_2,TO_Hipflexion_2,TO_Ankledorsiflexion_2,TO_Kneeflexion_3,TO_Hipflexion_3,TO_Ankledorsiflexion_3,TO_Kneeflexion_4,TO_Hipflexion_4,TO_Ankledorsiflexion_4
-0.9719811034340466,2.2352289077768432,3.85763262002439,2.6142044199904437,-5.12391388428432,-3.493316966649786,-10.928492123229262,-14.476663772728244,,,,,,,,,,,,,,,,,,,,,,,,
6.278880270820082,0.521466773827683,0.5890294282910418,,-8.380997996765217,-8.928755810512513,-10.747719580413872,,,,,,,,,,,,,,,,,,,,,,,,,
1.821442113356369,0.7848788866827476,4.742973574757087,,-7.105149122233939,-5.553573740684925,-8.358745024803994,,,,,,,,,,,,,,,,,,,,,,,,,
,,,,,,,,3.82043081643144,18.334269500328677,3.660549940608604,6.796387034246862,25.000449538853985,7.460613338393699,4.399632192023944,30.36276000372993,7.81370465626884,2.572549385410042,26.687379704789407,6.514809026937925,31.01037008714164,-23.59482770124936,-0.276423875150698,28.209832160640275,-21.00743841813892,-0.9935350184528176,34.91577533250029,-14.780187921053624,-5.554291025181072,37.84293073236736,-9.845483909070056,-9.370364996384396
,,,,,,,,2.081514112127394,20.91077548003696,1.479308686364945,2.094042095535201,26.85500853898236,3.266484362555687,2.2980976496094456,24.777468966709307,7.981071172533163,,,,28.301990774772747,-23.872630867339492,-5.953939439090405,31.70232964125421,-22.730179948223796,-6.746875895009225,32.95311278406675,-15.086417282473718,-7.3279367505358834,,,
,,,,,,,,5.666069094331704,24.10070103115092,2.3541201662014686,7.598428780776032,28.90712777983768,4.770975543166799,4.448232463156131,28.04082284231731,6.2355746384639446,,,,31.063680997870023,-19.83383313854671,-0.5684434045588063,29.979481090634263,-20.568165960788605,-8.112092166987523,33.59908225528321,-14.083562455369304,-8.202528426599812,,,
