statistics,TD_Kneeadduction,TO_Kneeadduction,TD_Kneeflexion,TD_Hipflexion,TD_Ankledorsiflexion,TO_Kneeflexion,TO_Hipflexion,TO_Ankledorsiflexion
mean,4.206624323392286,-3.0533315410253357,-6.0082481775443926,19.890265687449627,0.957056616898383,35.74464159158748,-16.493327512082562,-5.737513045791546
std,0.8613880311197885,2.932908605486498,1.2979807475907295,2.016258433690338,1.681847318993815,4.2328614316886135,2.85098719522595,3.640711289514617
min,2.6063609084147004,-8.142881951131756,-7.382681393818359,17.659774921712057,-1.4446723052038948,32.76744649662845,-21.00317394282399,-11.030378402183985
max,5.166518401464543,1.731458380926739,-3.5820766202671166,22.878470183371743,3.166527795866827,45.4497055609464,-11.826951662776793,-1.4556943800263866
range,2.560157493049843,9.874340332058495,3.8006047735512425,5.218695261659686,4.611200101070722,12.682259064317947,9.176222280047199,9.574684022157598
