statistics,TD_Kneeflexion,TD_Hipflexion,TD_Ankledorsiflexion,TO_Kneeflexion,TO_Hipflexion,TO_Ankledorsiflexion,TD_Kneeadduction,TO_Kneeadduction
mean,-3.465562060995214,19.75396252974645,-0.5878057469835782,32.40730300371425,-11.576699556850258,3.8892663904886766,3.1017360395633964,-4.092199563659635
std,1.2040829119992238,1.5294493009976649,1.4895688220517904,12.945167607140743,12.614874284543982,3.3997161851931263,1.1225833141614188,2.5958843429653466
min,-5.192334342243015,17.958351062006756,-3.12757369731888,-0.9031013560584996,-19.997668953855907,0.2592573267377531,1.5171862191500338,-7.177922074822448
max,-0.8351773678595293,21.86765529944424,1.4306517760042112,44.79277700208354,21.403763634070454,9.132084128108133,4.731834524537902,0.1640599539232425
range,4.357156974383486,3.9093042374374853,4.558225473323091,45.69587835814204,41.401432587926365,8.87282680137038,3.2146483053878683,7.341982028745691
