statistics,TD_Kneeadduction,TO_Kneeadduction,TD_Kneeflexion,TD_Hipflexion,TD_Ankledorsiflexion,TO_Kneeflexion,TO_Hipflexion,TO_Ankledorsiflexion
mean,4.206624323392286,-3.0533315410253357,-3.4631965538702016,19.75380907296128,0.5872392472727357,36.57161014962829,-15.698621188829602,-4.341794368043084
std,0.8613880311197885,2.932908605486498,1.2048729952457093,1.5289308340682415,1.489326414851066,3.6315297257026877,2.6568511778592487,3.3301619525030755
min,2.6063609084147004,-8.142881951131756,-5.1922806983241685,17.958361275530677,-1.4314352433569582,33.93555810498472,-19.99764503752354,-9.129666059667317
max,5.166518401464543,1.731458380926739,-0.8312604592166792,21.86645568215451,3.126845137780265,44.79162818480455,-12.22896179088707,-0.3860114464543898
range,2.560157493049843,9.874340332058495,4.361020239107489,3.9080944066238317,4.558280381137223,10.85607007981983,7.768683246636471,8.743654613212927
