statistics,TD_Kneeadduction,TO_Kneeadduction,TD_Kneeflexion,TD_Hipflexion,TD_Ankledorsiflexion,TO_Kneeflexion,TO_Hipflexion,TO_Ankledorsiflexion
mean,4.09400479478413,-3.5710021264157046,-0.45017713887899746,19.578363586802904,-0.1556869864328484,33.260474924490154,-10.745396048793898,2.282541849566218
std,0.9696782112064269,2.9321760862922144,1.3930049475304263,1.448978148741036,1.3521106716205273,11.861420226220098,12.339146965507641,3.001833171776743
min,2.4275700035605325,-7.992568589260998,-2.4509034511487755,17.574935676973865,-2.8052825178897933,2.5822051845013902,-18.759759105876185,-1.3648691771606138
max,5.332889049483896,1.201009341588275,2.1362170874774336,21.33821709180441,1.6888847922841703,43.87292149936568,21.48233982797791,6.858130444531994
range,2.9053190459233633,9.193577930849273,4.587120538626209,3.7632814148305442,4.494167310173964,41.29071631486429,40.242098933854095,8.222999621692608
