TD_Kneeadduction_1,TD_Kneeadduction_2,TD_Kneeadduction_3,TO_Kneeadduction_1,TO_Kneeadduction_2,TO_Kneeadduction_3,TD_Kneeflexion_1,TD_Hipflexion_1,TD_Ankledorsiflexion_1,TD_Kneeflexion_2,TD_Hipflexion_2,TD_Ankledorsiflexion_2,TD_Kneeflexion_3,TD_Hipflexion_3,TD_Ankledorsiflexion_3,TO_Kneeflexion_1,TO_Hipflexion_1,TO_Ankledorsiflexion_1,TO_Kneeflexion_2,TO_Hipflexion_2,TO_Ankledorsiflexion_2,TO_Kneeflexion_3,TO_Hipflexion_3,TO_Ankledorsiflexion_3
5.166518401464543,2.6063609084147004,3.633599477253796,-1.6850560459845385,-3.4922947988562214,-4.912467675684383,,,,,,,,,,,,,,,,,,
4.242525258959802,3.9557552220497314,5.039999402594759,-3.910311610411583,1.731458380926739,-4.9104736825971145,,,,,,,,,,,,,,,,,,
3.571969819416239,4.499122687233751,5.14376773314325,-2.200828884636053,0.0428723991468871,-8.142881951131756,,,,,,,,,,,,,,,,,,
,,,,,,-3.3908244813702595,18.614266087622862,0.3011087036495183,-3.7785328335441193,19.192004555688044,3.126845137780265,-4.40373351407473,21.787852530018256,-1.4314352433569582,34.842002028762096,-17.87080505342314,-1.267730922438716,37.19744889282401,-16.439496520141603,-9.129666059667317,,,
,,,,,,-2.835195494746728,17.958361275530677,0.4465875243449346,-4.005044563447768,21.146349133207167,1.2429177273377974,-5.1922806983241685,18.493974152465228,-0.3413455348089229,34.71018930080908,-14.409773788539011,-0.3860114464543898,33.93555810498472,-19.99764503752354,-5.362937786743686,33.95395433338254,-14.74705687956353,-8.218808509299777
,,,,,,-0.8312604592166792,18.51692381815576,1.5841745182647315,-3.346603478270936,20.208094421808998,1.677762709670276,-3.385293461836426,21.86645568215451,-1.32146231742702,35.13955417507049,-17.175839142602626,-1.0934615471168456,44.79162818480455,-12.22896179088707,-3.453156066937097,38.00254617638885,-12.719391297956292,-5.822582605686847
