TD_Kneeadduction_1,TD_Kneeadduction_2,TD_Kneeadduction_3,TO_Kneeadduction_1,TO_Kneeadduction_2,TO_Kneeadduction_3,TD_Kneeflexion_1,TD_Hipflexion_1,TD_Ankledorsiflexion_1,TD_Kneeflexion_2,TD_Hipflexion_2,TD_Ankledorsiflexion_2,TD_Kneeflexion_3,TD_Hipflexion_3,TD_Ankledorsiflexion_3,TO_Kneeflexion_1,TO_Hipflexion_1,TO_Ankledorsiflexion_1,TO_Kneeflexion_2,TO_Hipflexion_2,TO_Ankledorsiflexion_2,TO_Kneeflexion_3,TO_Hipflexion_3,TO_Ankledorsiflexion_3
4.87218391508776,2.4275700035605325,3.54085204214266,-2.068165215928616,-4.126273483850156,-5.355325217625023,,,,,,,,,,,,,,,,,,
4.104812881990142,3.6810479236498,5.332889049483896,-4.870561973628213,1.201009341588275,-6.164341246813194,,,,,,,,,,,,,,,,,,
3.150188998362552,4.729541396762045,5.00695694201778,-2.5444194078999374,-0.2183733443234814,-7.992568589260998,,,,,,,,,,,,,,,,,,
,,,,,,-0.3344343535465839,18.78879027659201,-0.1069986158145184,0.1712541217544583,19.73388733332635,-2.8052825178897933,-1.965661609667535,21.114851285276387,1.6888847922841703,35.7708362206246,-16.685842996167224,-0.5109025121865187,36.78401486392036,-16.052084536784747,6.858130444531994,2.5822051845013902,21.48233982797791,-0.1563716073073777
,,,,,,-0.3416948220853726,17.943338977724522,0.5831274715813066,-0.5824040974357274,21.144012110690767,-0.7365359138638752,-2.4509034511487755,17.574935676973865,0.4047100002951254,35.363562862144136,-13.814428518865869,-1.3648691771606138,34.84627994203467,-18.759759105876185,3.205131893715304,34.7962040534928,-13.623601293970268,6.423895552786135
,,,,,,2.1362170874774336,18.45332555587524,-0.6031479441554666,0.6784160976154681,20.113913972962592,-1.071661727974245,-1.3623832228743424,21.33821709180441,1.2457215776416604,36.088001674612286,-16.33259167609293,0.3520651985653558,43.87292149936568,-12.40595223229937,1.9506299109424816,39.240248019715466,-10.516643907066396,3.7851669422092016
