TD_Kneeadduction_1,TD_Kneeadduction_2,TD_Kneeadduction_3,TO_Kneeadduction_1,TO_Kneeadduction_2,TO_Kneeadduction_3,TD_Kneeflexion_1,TD_Hipflexion_1,TD_Ankledorsiflexion_1,TD_Kneeflexion_2,TD_Hipflexion_2,TD_Ankledorsiflexion_2,TD_Kneeflexion_3,TD_Hipflexion_3,TD_Ankledorsiflexion_3,TO_Kneeflexion_1,TO_Hipflexion_1,TO_Ankledorsiflexion_1,TO_Kneeflexion_2,TO_Hipflexion_2,TO_Ankledorsiflexion_2,TO_Kneeflexion_3,TO_Hipflexion_3,TO_Ankledorsiflexion_3
5.166518401464543,2.6063609084147004,3.633599477253796,-1.6850560459845385,-3.4922947988562214,-4.912467675684383,,,,,,,,,,,,,,,,,,
4.242525258959802,3.9557552220497314,5.039999402594759,-3.910311610411583,1.731458380926739,-4.9104736825971145,,,,,,,,,,,,,,,,,,
3.571969819416239,4.499122687233751,5.14376773314325,-2.200828884636053,0.0428723991468871,-8.142881951131756,,,,,,,,,,,,,,,,,,
,,,,,,-5.972209033729655,17.971488640877425,0.1214358107421702,-7.2500213677735985,18.58932435252254,3.166527795866827,-6.191523976635551,22.834335060495647,-1.0497139687261807,33.53952184879921,-18.928300421703568,-2.700431778165864,36.954912326920834,-16.943499545266064,-11.030378402183985,,,
,,,,,,-5.187971202626699,17.659774921712057,1.6945231812025128,-6.895793335146976,21.0694508045182,1.6923040696767515,-7.382681393818359,19.70032148924952,-0.3669891877273699,33.915538585860105,-14.702300921175665,-1.8176634803016043,32.84855238102105,-21.00317394282399,-7.362888220330817,32.76744649662845,-15.81140039467354,-9.639758907197448
,,,,,,-3.5820766202671166,18.13792590980458,2.754618811958096,-6.942497291465571,20.171299824494923,2.045475344296534,-4.669459376436009,22.878470183371743,-1.4446723052038948,33.86237061449128,-17.93805618337936,-1.4556943800263866,45.4497055609464,-11.826951662776793,-4.552167347267684,36.61908491803251,-14.792937024861516,-7.341121850858585
