statistics,TD_Kneeadduction,TO_Kneeadduction,TD_Kneeflexion,TD_Hipflexion,TD_Ankledorsiflexion,TO_Kneeflexion,TO_Hipflexion,TO_Ankledorsiflexion
mean,4.526620874666616,-3.0368868291140036,1.5306657707163795,23.097374576124093,1.9404852562332295,33.59683400574147,-18.132880665639803,-7.616623439940479
std,2.0848600984570655,2.874527894039045,2.4474125102285575,3.0915181357355723,1.2380079532002664,7.893437317241234,10.338557640225353,3.0893726604413048
min,-0.2380918498420499,-9.92936532597284,-2.816271734033592,17.92939698211447,-0.7078190754469489,24.425870001435698,-28.029266080638195,-11.446853412522316
max,6.981006180179833,0.1662180711993528,6.66689722389458,28.950284072394,3.52652634598428,50.623375261407205,1.3414335156336108,-0.614040643923758
range,7.2190980300218826,10.095583397172193,9.483168957928171,11.02088709027953,4.234345421431229,26.197505259971507,29.370699596271805,10.832812768598558
