statistics,TD_Kneeadduction,TO_Kneeadduction,TD_Kneeflexion,TD_Hipflexion,TD_Ankledorsiflexion,TO_Kneeflexion,TO_Hipflexion,TO_Ankledorsiflexion
mean,4.057970964922646,-3.5868618568463004,4.330953914427715,22.77744688161766,-1.6083337759460286,34.205312643526895,-16.94318248419214,4.860455818034449
std,1.7657786654410723,2.852008910317427,2.2658655196601902,3.145250322443433,1.1474650452407753,7.042917093209994,9.62219863681126,3.118029644437304
min,0.4273758999192409,-10.25113038213675,0.3539422756697092,17.84255714510462,-2.828287090105817,26.11643839131935,-26.038416629583708,-2.274060235942088
max,6.2716091562317615,0.0380161398435063,8.979700646019978,29.06204787350626,0.8245391017067476,49.24519588595308,0.8586787673811784,8.54807714248571
range,5.8442332563125206,10.289146521980257,8.625758370350269,11.219490728401638,3.6528261918125646,23.12875749463373,26.897095396964886,10.822137378427797
