statistics,TD_Kneeadduction,TO_Kneeadduction,TD_Kneeflexion,TD_Hipflexion,TD_Ankledorsiflexion,TO_Kneeflexion,TO_Hipflexion,TO_Ankledorsiflexion
mean,4.526620874666616,-3.0368868291140036,-0.8478344364268987,23.337322847191352,2.307865346092679,32.769444092942074,-19.10315605580707,-9.915814078636002
std,2.0848600984570655,2.874527894039045,2.597083464618763,3.122592225801014,1.338790175587299,8.62534305972668,10.91450931963563,3.127426267983853
min,-0.2380918498420499,-9.92936532597284,-5.637268129222775,18.07814537853386,-0.4096608669807295,22.816736464098284,-29.913493847265443,-13.638934218966211
max,6.981006180179833,0.1662180711993528,4.106160658399318,28.9280718488055,4.284055109365923,51.475603474988304,1.638802855790118,-2.957242081428305
range,7.2190980300218826,10.095583397172193,9.743428787622094,10.84992647027164,4.6937159763466525,28.65886701089002,31.55229670305556,10.681692137537906
