statistics,TD_Kneeflexion,TD_Hipflexion,TD_Ankledorsiflexion,TO_Kneeflexion,TO_Hipflexion,TO_Ankledorsiflexion,TD_Kneeadduction,TO_Kneeadduction
mean,1.5312693928323606,23.097321995983915,-1.9403600988704917,33.59701276327542,-18.13262350119132,7.615979151488151,2.728661794421612,-4.225977268679305
std,2.4472743016839806,3.09153967740491,1.2380161446356255,7.893157368023533,10.338314556494119,3.0895815233139925,1.4310856930169031,2.674450429392403
min,-2.8157471996691186,17.92936584694087,-3.5263252146920934,24.42587000143598,-28.028219909856546,0.6126980864457465,-0.0283557774769747,-10.17081750489112
max,6.666897223894409,28.950299628900808,0.707993819865095,50.62269254239197,1.341034020923075,11.446263769568702,4.559322829706161,-0.8056706324499316
range,9.482644423563528,11.02093378195994,4.234319034557188,26.196822540955985,29.36925393077962,10.833565683122956,4.587678607183136,9.365146872441189
