TD_Kneeflexion_1,TD_Hipflexion_1,TD_Ankledorsiflexion_1,TD_Kneeflexion_2,TD_Hipflexion_2,TD_Ankledorsiflexion_2,TD_Kneeflexion_3,TD_Hipflexion_3,TD_Ankledorsiflexion_3,TD_Kneeflexion_4,TD_Hipflexion_4,TD_Ankledorsiflexion_4,TO_Kneeflexion_1,TO_Hipflexion_1,TO_Ankledorsiflexion_1,TO_Kneeflexion_2,TO_Hipflexion_2,TO_Ankledorsiflexion_2,TO_Kneeflexion_3,TO_Hipflexion_3,TO_Ankledorsiflexion_3,TO_Kneeflexion_4,TO_Hipflexion_4,TO_Ankledorsiflexion_4,TD_Kneeadduction_1,TD_Kneeadduction_2,TD_Kneeadduction_3,TO_Kneeadduction_1,TO_Kneeadduction_2,TO_Kneeadduction_3,TD_Kneeadduction_4,TO_Kneeadduction_4
2.8822112566647604,19.63894645826406,-0.3722050674673909,3.4170463644926485,23.78664109758228,-3.5263252146920934,-2.8157471996691186,20.34666638034676,-1.8526420038167544,0.419735191165671,28.950299628900808,-2.991722234858244,31.787636258719232,-24.668250751030318,9.10880532639058,29.67286247087813,-25.48023223458384,11.446263769568702,36.78803488737762,-14.929030693141613,7.611302149978016,44.76233682750092,0.8737207618410707,4.566435706526136,,,,,,,,
2.0774385073646613,17.92936584694087,0.707993819865095,1.4863143560856145,23.708457222088494,-2.131279144600853,0.5207501110218402,21.61524728308757,-1.4300882577772285,0.5985893996981133,26.088281429318755,-2.5843949057303064,31.3164885672814,-22.81470029680221,8.254556051123899,26.089944283498653,-28.028219909856546,9.921560897981353,34.02681048870369,-17.161832626294142,5.338344059263221,50.62269254239197,1.341034020923075,0.6126980864457465,,,,,,,,
6.666897223894409,23.40732075441821,-2.1392777545591315,2.3330742745112616,24.06918376960195,-3.152660151935464,-0.7423461640738935,24.53013208527329,-1.8713601720030368,,,,27.984167638654327,-23.474754689005863,8.70653221910193,24.42587000143598,-26.61289884560597,10.460591952546096,32.09029642958774,-18.50369324954815,7.748680447443988,,,,,,,,,,,
,,,,,,,,,,,,,,,,,,,,,,,,2.182910771150887,3.613747171633548,2.7732172735808263,-3.4187903443012715,-1.78298296377028,-5.575349416060988,,
,,,,,,,,,,,,,,,,,,,,,,,,-0.0283557774769747,4.312748237439024,0.4669822998136226,-5.048600075534296,-2.303655226912156,-0.8056706324499316,4.559322829706161,-10.17081750489112
,,,,,,,,,,,,,,,,,,,,,,,,2.6030408796057145,3.442579022753165,3.262312260836069,-4.062731642168245,-2.806395376492162,-3.317154269415198,2.826774769595687,-7.193602503476711
