TD_Kneeadduction_1,TD_Kneeadduction_2,TD_Kneeadduction_3,TO_Kneeadduction_1,TO_Kneeadduction_2,TO_Kneeadduction_3,TD_Kneeadduction_4,TO_Kneeadduction_4,TD_Kneeflexion_1,TD_Hipflexion_1,TD_Ankledorsiflexion_1,TD_Kneeflexion_2,TD_Hipflexion_2,TD_Ankledorsiflexion_2,TD_Kneeflexion_3,TD_Hipflexion_3,TD_Ankledorsiflexion_3,TO_Kneeflexion_1,TO_Hipflexion_1,TO_Ankledorsiflexion_1,TO_Kneeflexion_2,TO_Hipflexion_2,TO_Ankledorsiflexion_2,TO_Kneeflexion_3,TO_Hipflexion_3,TO_Ankledorsiflexion_3,TD_Kneeflexion_4,TD_Hipflexion_4,TD_Ankledorsiflexion_4,TO_Kneeflexion_4,TO_Hipflexion_4,TO_Ankledorsiflexion_4
3.2722692023182844,5.193438766490516,4.179700981123091,-1.7120407280994243,-0.7048776128396241,-4.955102649198778,,,,,,,,,,,,,,,,,,,,,,,,,,
3.856706652279513,5.831253432834842,5.663148968533818,-2.890831565432705,-0.9351543777087556,-1.742631252672453,5.434085625837241,-5.496739237504983,,,,,,,,,,,,,,,,,,,,,,,,
2.7878661579588027,6.981006180179833,-0.2380918498420499,-3.4535449274694656,-1.7516855145543673,0.1662180711993528,6.83144550361888,-9.92936532597284,,,,,,,,,,,,,,,,,,,,,,,,
,,,,,,,,6.66689722389458,23.40732075441852,2.139277754558421,2.333074274511887,24.069183769602205,3.152660151935549,-0.742346164075883,24.53013208527304,1.8713601720021276,27.98416763865424,-23.474754689005948,-8.706532219101504,24.425870001435698,-26.612898845606423,-10.46059195254672,32.09029642958723,-18.503693249548974,-7.748680447443803,,,,,,
,,,,,,,,2.8816134949609875,19.63894007720017,0.3723122670650269,3.4166562012578083,23.786705457445976,3.52652634598428,-2.816271734033592,20.34680124205116,1.8527369502381248,31.787476364955097,-24.668471384141952,-9.109478661238851,29.672602204892517,-25.480536278141017,-11.446853412522316,36.78789945292405,-14.929339157164977,-7.611997561443061,0.4190769458488432,28.950284072394,2.9918721116534925,44.76238966204781,0.8737519340373865,-4.566968435526576
,,,,,,,,2.076482537400324,17.92939698211447,-0.7078190754469489,1.4852771278821135,23.708564449822973,2.1318447949470425,0.5197356080837494,21.61546209704565,1.4301752831709251,31.315796103993392,-22.815595002857577,-8.25562608005589,26.08893005381248,-28.029266080638195,-9.922783262506384,34.02637088944644,-17.162318084603783,-5.3393051630364,0.5971279621493579,26.08832934999685,2.5843910624574846,50.623375261407205,1.3414335156336108,-0.614040643923758
