TD_Kneeadduction_1,TD_Kneeadduction_2,TD_Kneeadduction_3,TO_Kneeadduction_1,TO_Kneeadduction_2,TO_Kneeadduction_3,TD_Kneeadduction_4,TO_Kneeadduction_4,TD_Kneeflexion_1,TD_Hipflexion_1,TD_Ankledorsiflexion_1,TD_Kneeflexion_2,TD_Hipflexion_2,TD_Ankledorsiflexion_2,TD_Kneeflexion_3,TD_Hipflexion_3,TD_Ankledorsiflexion_3,TO_Kneeflexion_1,TO_Hipflexion_1,TO_Ankledorsiflexion_1,TO_Kneeflexion_2,TO_Hipflexion_2,TO_Ankledorsiflexion_2,TO_Kneeflexion_3,TO_Hipflexion_3,TO_Ankledorsiflexion_3,TD_Kneeflexion_4,TD_Hipflexion_4,TD_Ankledorsiflexion_4,TO_Kneeflexion_4,TO_Hipflexion_4,TO_Ankledorsiflexion_4
3.1164276572993685,4.845058036539342,3.858955984835518,-2.441832043874712,-1.1058703554143676,-5.348324723231457,,,,,,,,,,,,,,,,,,,,,,,,,,
3.617453569811033,4.900441899384731,4.911915692665218,-3.4100357941507866,-1.8089703554119865,-2.483268368438104,4.604858072619436,-5.974647351757341,,,,,,,,,,,,,,,,,,,,,,,,
1.8486133386035133,6.2716091562317615,0.4273758999192409,-4.555241861113416,-2.1141753296238903,0.0380161398435063,6.234971306239942,-10.25113038213675,,,,,,,,,,,,,,,,,,,,,,,,
,,,,,,,,8.979700646019978,22.666589527844195,-1.5446437949645428,5.157919831568535,23.62332297844708,-2.639131369542625,1.565841888945556,23.53432424097457,-1.533302688654686,29.150430147259044,-22.37478358570829,5.650630606317662,26.11643839131935,-24.821261047166388,8.283859558637246,32.879484371653405,-17.026245024298788,4.876337434722771,,,,,,
,,,,,,,,5.756178911838504,19.41175352706017,-0.15138591479203,5.741646064593823,23.50215655335785,-2.828287090105817,0.3539422756697092,19.988281253407365,-1.7537984157842743,32.279630642708725,-23.39475509201742,6.011971666438328,30.55388694524018,-23.94214271634621,8.54807714248571,36.957509392426175,-13.544004466360406,4.3617645963797,4.124784251955674,29.06204787350626,-2.642800997138579,44.48894416770133,0.8586787673811784,1.7878006257783454
,,,,,,,,4.520412269558875,17.84255714510462,0.8245391017067476,4.084261513498575,23.42145240112848,-1.198473155732685,3.143696424147123,21.316805763825958,-1.4806639661926937,32.31377381834784,-20.932356467561704,5.848809271058912,27.6503063777229,-26.038416629583708,7.206497594275589,34.62283893846384,-15.98356377730309,3.16332573822676,4.212108980908511,26.182624433137704,-2.7437232442051283,49.24519588595308,0.823842712851274,-2.274060235942088
