statistics,TD_Kneeadduction,TO_Kneeadduction,TD_Kneeflexion,TD_Hipflexion,TD_Ankledorsiflexion,TO_Kneeflexion,TO_Hipflexion,TO_Ankledorsiflexion
mean,4.757317764533485,-7.352069506260567,3.9329980880382416,24.74929030780484,4.527196560946183,30.756770782100812,-21.69043543099661,-7.545031577254058
std,1.1279452679563282,5.417557369944845,2.540236833659963,3.94699689110342,2.6614771883140516,5.394610244793534,6.901747388273769,2.5848827027278625
min,2.542399807497844,-21.81563134269092,0.0678762226973788,18.590127002200376,-0.6959291181182294,23.5258819695884,-29.48176867118701,-11.290698238380031
max,6.705217633013405,0.0238562754856843,9.274222868095762,33.82016912520152,8.147330934725304,38.861717596046304,-9.623521573125345,-3.435030051319842
range,4.16281782551556,21.839487618176605,9.206346645398384,15.230042123001141,8.843260052843533,15.335835626457904,19.858247098061664,7.855668187060189
