statistics,TD_Kneeadduction,TO_Kneeadduction,TD_Kneeflexion,TD_Hipflexion,TD_Ankledorsiflexion,TO_Kneeflexion,TO_Hipflexion,TO_Ankledorsiflexion
mean,4.44009082329917,-7.851012405122726,8.006980705684152,24.993162107571706,-4.364385430390381,31.928287192884174,-20.293543817066844,5.206241947826523
std,0.9924911553034256,5.381096930996472,2.350550591878545,3.6949671846365586,2.4433654065131907,4.679807419883424,6.368828452616403,2.5133564364113647
min,2.548061152758521,-22.17196714779689,4.391763985988717,19.21399854568625,-7.6605866030539715,25.6879558629675,-27.23299949500054,1.285304341576719
max,5.911214293032202,-0.833679792808681,12.791507478568237,33.40839486244636,0.4191223192992055,39.39055009235631,-9.82394438828075,8.607640715819741
range,3.363153140273681,21.33828735498821,8.39974349257952,14.194396316760109,8.079708922353177,13.702594229388808,17.40905510671979,7.322336374243022
