statistics,TD_Kneeadduction,TO_Kneeadduction,TD_Kneeflexion,TD_Hipflexion,TD_Ankledorsiflexion,TO_Kneeflexion,TO_Hipflexion,TO_Ankledorsiflexion
mean,4.757317764533485,-7.352069506260567,0.327079696209708,24.472365074111583,4.752054903755447,29.380525296928692,-22.882233654845766,-9.316942687486256
std,1.1279452679563282,5.417557369944845,2.6533639301965355,4.207573541703636,2.6877493159417942,6.05436625206281,7.36409621184885,2.6777342416807524
min,2.542399807497844,-21.81563134269092,-3.656928849214495,17.71011318969184,-0.4487603858263895,21.356580687876885,-31.3032003369874,-13.507443781277104
max,6.705217633013405,0.0238562754856843,5.849213184163915,33.9366129614653,8.440107906961401,38.14342582249012,-9.356633459916168,-5.119806801183273
range,4.16281782551556,21.839487618176605,9.50614203337841,16.22649977177346,8.888868292787791,16.786845134613237,21.94656687707123,8.38763698009383
