statistics,TD_Kneeflexion,TD_Hipflexion,TD_Ankledorsiflexion,TO_Kneeflexion,TO_Hipflexion,TO_Ankledorsiflexion,TD_Kneeadduction,TO_Kneeadduction
mean,3.9344905541406967,24.74940292721186,-4.527045287303451,30.757284439262833,-21.689964950592312,7.54418325078284,4.7573514262455445,-7.351936156717559
std,2.539999413716098,3.9468733030967567,2.6614232651240513,5.394476477406056,6.901650383423795,2.5845866920284606,1.1279731179042958,5.417581273073373
min,0.0686941127352724,18.59054889288876,-8.147085977010747,23.52637981931645,-29.481356159224447,3.43436271113535,2.5423047515050143,-21.815543464494965
max,9.27496321826132,33.81998284000292,0.6959990116716881,38.86211295476838,-9.623571175734838,11.2892182255016,6.705298444637634,0.0239671681877098
range,9.206269105526047,15.229433947114163,8.843084988682435,15.335733135451928,19.85778498348961,7.85485551436625,4.16299369313262,21.839510632682675
