TD_Kneeadduction_1,TD_Kneeadduction_2,TD_Kneeadduction_3,TD_Kneeadduction_4,TO_Kneeadduction_1,TO_Kneeadduction_2,TO_Kneeadduction_3,TO_Kneeadduction_4,TD_Kneeflexion_1,TD_Hipflexion_1,TD_Ankledorsiflexion_1,TD_Kneeflexion_2,TD_Hipflexion_2,TD_Ankledorsiflexion_2,TD_Kneeflexion_3,TD_Hipflexion_3,TD_Ankledorsiflexion_3,TD_Kneeflexion_4,TD_Hipflexion_4,TD_Ankledorsiflexion_4,TO_Kneeflexion_1,TO_Hipflexion_1,TO_Ankledorsiflexion_1,TO_Kneeflexion_2,TO_Hipflexion_2,TO_Ankledorsiflexion_2,TO_Kneeflexion_3,TO_Hipflexion_3,TO_Ankledorsiflexion_3,TO_Kneeflexion_4,TO_Hipflexion_4,TO_Ankledorsiflexion_4
3.2840990331596345,4.911263639221346,4.523452967146881,5.189397814832404,-5.229070375310755,-9.094387801752616,-9.301044975666258,-22.17196714779689,,,,,,,,,,,,,,,,,,,,,,,,
3.745496483938268,2.548061152758521,4.894470300494618,3.3697278586455752,-4.310445877201431,-2.2014417570899525,-6.7054242242322175,-8.88932566403605,,,,,,,,,,,,,,,,,,,,,,,,
5.394982165289633,4.856047261286392,4.652876909784567,5.911214293032202,-0.833679792808681,-7.171823416225948,-7.93246005548113,-10.37107777387078,,,,,,,,,,,,,,,,,,,,,,,,
,,,,,,,,6.126737834280817,19.21399854568625,-0.703135923194651,9.248949379341468,26.287426863334986,-6.129320906908774,4.854050520422561,23.917958815166543,-4.212750945948642,8.908009595369805,33.40839486244636,-3.9401541618778566,32.6778310080102,-23.552571260771884,7.616295710160628,34.08658549781316,-21.79305745427365,8.492758287606136,33.35094019492294,-15.956879747691744,8.607640715819741,39.39055009235631,-10.670623945861564,3.526676056945462
,,,,,,,,12.791507478568237,24.560150782247547,-2.699439623373692,10.508700982930208,22.7665897694848,-4.856710695440739,6.94248854380379,25.292921757044184,-6.515688417107242,4.391763985988717,25.228729727373008,-4.971557074343437,35.15235825265245,-21.72449303363328,1.3099561259839874,27.305151022111232,-27.23299949500054,5.566001258183334,25.6879558629675,-24.876228369192603,4.5029449696083645,36.47841246551676,-9.82394438828075,3.525927874488559
,,,,,,,,7.857756297416188,21.07872255172188,0.4191223192992055,9.151528719439654,23.65644706394852,-4.07260004213876,7.593671750270971,24.960054815103035,-7.029803090596005,7.708603380377411,29.546549737303337,-7.6605866030539715,31.417512397419472,-24.78650198132064,1.285304341576719,25.712285860316623,-27.13455753681092,4.839438519187226,26.159213147327733,-23.617639174375284,6.121851998272192,35.720650513195665,-12.353029417589257,7.080107516085931
