TD_Kneeadduction_1,TD_Kneeadduction_2,TD_Kneeadduction_3,TD_Kneeadduction_4,TO_Kneeadduction_1,TO_Kneeadduction_2,TO_Kneeadduction_3,TO_Kneeadduction_4,TD_Kneeflexion_1,TD_Hipflexion_1,TD_Ankledorsiflexion_1,TD_Kneeflexion_2,TD_Hipflexion_2,TD_Ankledorsiflexion_2,TD_Kneeflexion_3,TD_Hipflexion_3,TD_Ankledorsiflexion_3,TD_Kneeflexion_4,TD_Hipflexion_4,TD_Ankledorsiflexion_4,TO_Kneeflexion_1,TO_Hipflexion_1,TO_Ankledorsiflexion_1,TO_Kneeflexion_2,TO_Hipflexion_2,TO_Ankledorsiflexion_2,TO_Kneeflexion_3,TO_Hipflexion_3,TO_Ankledorsiflexion_3,TO_Kneeflexion_4,TO_Hipflexion_4,TO_Ankledorsiflexion_4
3.5866405393021807,5.27234052461975,4.861458311938918,5.553876409053316,-5.091349599614375,-9.127647400024784,-8.38292688358834,-21.81563134269092,,,,,,,,,,,,,,,,,,,,,,,,
4.198344545206226,2.542399807497844,5.341844249157049,3.584756021793765,-3.6528040997868914,-1.872457033403208,-6.851790609455719,-8.43339633204397,,,,,,,,,,,,,,,,,,,,,,,,
5.740494744926394,4.831729622930453,4.868710764962515,6.705217633013405,0.0238562754856843,-6.769517744964361,-6.849296282492077,-9.401873022547846,,,,,,,,,,,,,,,,,,,,,,,,
,,,,,,,,1.9778534465229711,18.590127002200376,0.2728199022014053,4.701493044612079,25.83390283005372,6.392832307874585,0.346372995524689,23.357491202736213,4.420549967548908,4.9263205859462005,33.82016912520152,4.196545288660687,31.93044751768292,-24.318978934011422,-9.938921772386706,32.52988580481548,-24.01831007629673,-11.05860713979726,32.76601385632472,-16.803730377116068,-11.290698238380031,38.861717596046304,-11.41166473353212,-6.15862324796106
,,,,,,,,9.274222868095762,24.33834511527985,3.148285602844496,6.380582088922552,22.19471637151645,5.039160638294007,2.923512421471429,25.42032412152236,6.665773949940615,0.0678762226973788,25.018695201396184,5.208344141508832,34.276896012933264,-23.264935854848854,-3.7138983506831664,25.049935658874915,-29.48176867118701,-8.066478529719632,23.5258819695884,-26.767956007427955,-6.414599251172049,37.32109628689574,-9.623521573125345,-6.296437370606995
,,,,,,,,3.933954273515383,20.532877189135437,-0.6959291181182294,5.349130193409309,23.327717007548245,4.097428200643634,3.859931649852598,25.25050571817249,7.4332169152299485,3.4547272658885504,29.306612808895267,8.147330934725304,30.34701394765028,-26.343604762481647,-3.435030051319842,24.11454116793584,-28.47130066585356,-6.590033572003449,23.87468668349732,-25.94865654672992,-8.161352800468961,34.483132882964526,-13.830796969348684,-9.41569860254954
