TD_Kneeadduction_1,TD_Kneeadduction_2,TD_Kneeadduction_3,TD_Kneeadduction_4,TO_Kneeadduction_1,TO_Kneeadduction_2,TO_Kneeadduction_3,TO_Kneeadduction_4,TD_Kneeflexion_1,TD_Hipflexion_1,TD_Ankledorsiflexion_1,TD_Kneeflexion_2,TD_Hipflexion_2,TD_Ankledorsiflexion_2,TD_Kneeflexion_3,TD_Hipflexion_3,TD_Ankledorsiflexion_3,TD_Kneeflexion_4,TD_Hipflexion_4,TD_Ankledorsiflexion_4,TO_Kneeflexion_1,TO_Hipflexion_1,TO_Ankledorsiflexion_1,TO_Kneeflexion_2,TO_Hipflexion_2,TO_Ankledorsiflexion_2,TO_Kneeflexion_3,TO_Hipflexion_3,TO_Ankledorsiflexion_3,TO_Kneeflexion_4,TO_Hipflexion_4,TO_Ankledorsiflexion_4
3.5866405393021807,5.27234052461975,4.861458311938918,5.553876409053316,-5.091349599614375,-9.127647400024784,-8.38292688358834,-21.81563134269092,,,,,,,,,,,,,,,,,,,,,,,,
4.198344545206226,2.542399807497844,5.341844249157049,3.584756021793765,-3.6528040997868914,-1.872457033403208,-6.851790609455719,-8.43339633204397,,,,,,,,,,,,,,,,,,,,,,,,
5.740494744926394,4.831729622930453,4.868710764962515,6.705217633013405,0.0238562754856843,-6.769517744964361,-6.849296282492077,-9.401873022547846,,,,,,,,,,,,,,,,,,,,,,,,
,,,,,,,,-1.701229633078185,17.71011318969184,0.2348582539384551,0.7703734936746116,25.331436193728337,6.774597946617575,-3.656928849214495,23.04986611224828,4.606021174237938,1.1160211444932884,33.9366129614653,4.181898130584202,30.84273565971688,-24.848370859078216,-11.707814231230216,30.876336876277207,-25.78870808112444,-12.905577938044472,31.883555063437512,-17.710438121839843,-13.507443781277104,38.14342582249012,-12.003852248623303,-8.181903869750087
,,,,,,,,5.849213184163915,23.682934309823796,4.327982630529192,2.762545388725215,21.58677910670224,5.0821922571971925,-0.4923325474219666,25.71107067696545,6.59398925665694,-3.6121006308486585,25.080870674343373,5.254656867715212,32.88482644822369,-24.634865916443573,-5.617547819818071,22.67856005320576,-31.3032003369874,-9.904337342486428,21.356580687876885,-28.41040498579619,-7.574013213542258,37.81518704605466,-9.356633459916168,-8.440933514069968
,,,,,,,,0.4757631422176871,19.821240679209865,-0.4487603858263895,2.1369449461633963,23.113392290273595,4.120462202699088,0.7108158499555941,25.575116372620755,7.856652603754554,-0.4341291343139062,29.068948322266152,8.440107906961401,29.26619881725975,-27.430228345667278,-5.119806801183273,22.47507119455213,-29.602310426374885,-7.857425615407664,21.44470646088351,-28.19984765159822,-9.758278413995257,32.89911943316625,-15.297943424699724,-11.228229709030272
