statistics,TD_Kneeadduction,TO_Kneeadduction,TD_Kneeflexion,TD_Hipflexion,TD_Ankledorsiflexion,TO_Kneeflexion,TO_Hipflexion,TO_Ankledorsiflexion
mean,5.009571900375505,-4.341063542836743,-1.8134775856522154,20.83234092709772,0.5583972971484457,32.954520833449386,-15.463831093446684,19.425845548696508
std,1.23840729091777,2.870016590550399,2.325380866582552,3.2202639514162104,1.6027437561321793,5.950604376497453,9.271247886806666,2.031328665136051
min,3.1042031942746178,-8.337413520843455,-6.228873802953842,16.28501901117869,-1.640884756976874,24.259838724198914,-26.910738802348703,15.96612891791878
max,7.064604977029831,1.7281194028416564,2.274766302375639,29.364996725996377,3.324367749454254,42.65950740770444,-0.7711370380868914,23.844342548014907
range,3.9604017827552136,10.065532923685112,8.503640105329481,13.079977714817687,4.965252506431128,18.399668683505524,26.139601764261812,7.878213630096127
