statistics,TD_Kneeadduction,TO_Kneeadduction,TD_Kneeflexion,TD_Hipflexion,TD_Ankledorsiflexion,TO_Kneeflexion,TO_Hipflexion,TO_Ankledorsiflexion
mean,6.325926042676085,-4.443833756854576,0.8671053144208187,20.41502676662988,0.9223619779315749,33.109735685217,-14.784379975077359,15.626477274207184
std,1.276071768612531,2.538400246818661,2.3868644349169927,2.917991811563381,1.3195621842181284,5.34336229013851,8.681220957644028,1.8783612702778856
min,3.941190856741258,-8.778090213337038,-3.2895640826401404,16.445938214170752,-1.1145983238941568,25.37858904527019,-25.06200904339525,12.405006303661509
max,8.704007665377532,-1.6865441267933932,5.110443800767399,28.135089999371587,3.0703201000354454,42.13207738930677,-0.7490906941842752,19.85021318780109
range,4.762816808636273,7.091546086543644,8.40000788340754,11.689151785200835,4.184918423929602,16.753488344036583,24.312918349210975,7.44520688413958
