statistics,TD_Kneeadduction,TO_Kneeadduction,TD_Kneeflexion,TD_Hipflexion,TD_Ankledorsiflexion,TO_Kneeflexion,TO_Hipflexion,TO_Ankledorsiflexion
mean,7.1082459572543515,-4.519147885731748,-1.813310810605259,20.832299204563302,-0.5584592943256604,32.95449578345809,-15.463840434103004,-19.425584360846326
std,1.3222417045978074,2.5577215649466036,2.3255967567817906,3.2203398120784668,1.6027443863853146,5.950618203935628,9.271278540432673,2.0323210400368987
min,4.600681546847198,-8.448110961810528,-6.229224268418136,16.28499864620295,-3.324310423485528,24.259230073163963,-26.9113246446,-23.84493030988439
max,9.624364677178534,-0.81778138518942,2.2737582320346235,29.365456952795085,1.6410735152817324,42.65936081631119,-0.771111477741556,-15.96328721125741
range,5.023683130331335,7.630329576621108,8.50298250045276,13.080458306592135,4.9653839387672605,18.40013074314723,26.140213166858445,7.881643098626981
