statistics,TD_Kneeadduction,TO_Kneeadduction,TD_Kneeflexion,TD_Hipflexion,TD_Ankledorsiflexion,TO_Kneeflexion,TO_Hipflexion,TO_Ankledorsiflexion
mean,7.1082459572543515,-4.519147885731748,-3.960749925273293,21.28556878738106,-0.039458323937743955,32.47183060800697,-16.108804314406076,-22.562879668067193
std,1.3222417045978074,2.5577215649466036,2.3378944392631404,3.560658488490833,1.9576000004381837,6.5840421737335095,9.730315267350303,2.159581789905714
min,4.600681546847198,-8.448110961810528,-8.603829382425346,16.161652150734284,-3.4328427292853405,22.40527896207664,-28.53082427924312,-27.010887324523537
max,9.624364677178534,-0.81778138518942,-0.3478986332598879,30.455548477001912,2.919343606478648,42.7587365708539,-0.9408665813625988,-19.02817348686669
range,5.023683130331335,7.630329576621108,8.255930749165458,14.293896326267628,6.352186335763989,20.35345760877726,27.58995769788052,7.982713837656846
