TD_Kneeadduction_1,TD_Kneeadduction_2,TD_Kneeadduction_3,TD_Kneeadduction_4,TO_Kneeadduction_1,TO_Kneeadduction_2,TO_Kneeadduction_3,TO_Kneeadduction_4,TD_Kneeflexion_1,TD_Hipflexion_1,TD_Ankledorsiflexion_1,TD_Kneeflexion_2,TD_Hipflexion_2,TD_Ankledorsiflexion_2,TD_Kneeflexion_3,TD_Hipflexion_3,TD_Ankledorsiflexion_3,TD_Kneeflexion_4,TD_Hipflexion_4,TD_Ankledorsiflexion_4,TO_Kneeflexion_1,TO_Hipflexion_1,TO_Ankledorsiflexion_1,TO_Kneeflexion_2,TO_Hipflexion_2,TO_Ankledorsiflexion_2,TO_Kneeflexion_3,TO_Hipflexion_3,TO_Ankledorsiflexion_3,TO_Kneeflexion_4,TO_Hipflexion_4,TO_Ankledorsiflexion_4
3.941190856741258,5.4323965445613,8.18314041791379,5.802146912980135,-2.585172727068624,-8.778090213337038,-8.33080460617208,-4.054596496869237,,,,,,,,,,,,,,,,,,,,,,,,
5.539175511146141,5.738278210618745,7.188978303337478,6.060039276886016,-1.9500946933667365,-7.415063210764089,-4.094785919798767,-4.488660180986301,,,,,,,,,,,,,,,,,,,,,,,,
6.414326386317896,8.704007665377532,6.790906983504215,6.116525442728516,-5.438951768293919,-1.6865441267933932,-2.286975885257988,-2.2162652535467373,,,,,,,,,,,,,,,,,,,,,,,,
,,,,,,,,3.351897382402427,19.929869924401743,1.5157364577625714,3.144612031839273,20.796988543089327,-1.1145983238941568,-0.2693125323212655,19.602961744083217,0.6207772110690257,-0.666800966556309,23.18591386783774,2.282830287875868,28.299051541430917,-23.338254888807683,15.627834875471637,30.706738187996194,-18.25959746626032,15.341256352393998,35.00849209826029,-12.407357525032666,14.27971402909212,42.13207738930677,-0.7490906941842752,12.405006303661509
,,,,,,,,1.945133283965447,16.445938214170752,0.1923842586737123,2.550780585805001,18.32824257964276,-0.6533114739764443,-0.7006703766760438,19.444044635945065,3.0703201000354454,-3.2895640826401404,20.706447400097915,0.6403112951953176,25.37858904527019,-24.119754658405043,16.361338203660324,28.855888128986408,-22.63635861486088,19.85021318780109,33.61079812159096,-15.231003404099766,13.668990009172404,35.42022639147103,-6.707184285573305,14.355409907168422
,,,,,,,,5.110443800767399,18.9027655229155,-0.762435595966025,-0.6945356031838799,19.030355550685613,1.7729896403236012,-0.9990085014028978,20.471703217317327,1.5727071686786471,0.9222887510508144,28.135089999371587,1.930632709401337,25.953006094309245,-25.06200904339525,16.29171165448473,34.6736155997709,-18.368478413529942,16.830872485881528,37.67154825106027,-8.95619235877109,16.381003031179176,39.60679737315067,-1.5772783480080932,16.124377250519302
