TD_Kneeadduction_1,TD_Kneeadduction_2,TD_Kneeadduction_3,TD_Kneeadduction_4,TO_Kneeadduction_1,TO_Kneeadduction_2,TO_Kneeadduction_3,TO_Kneeadduction_4,TD_Kneeflexion_1,TD_Hipflexion_1,TD_Ankledorsiflexion_1,TD_Kneeflexion_2,TD_Hipflexion_2,TD_Ankledorsiflexion_2,TD_Kneeflexion_3,TD_Hipflexion_3,TD_Ankledorsiflexion_3,TD_Kneeflexion_4,TD_Hipflexion_4,TD_Ankledorsiflexion_4,TO_Kneeflexion_1,TO_Hipflexion_1,TO_Ankledorsiflexion_1,TO_Kneeflexion_2,TO_Hipflexion_2,TO_Ankledorsiflexion_2,TO_Kneeflexion_3,TO_Hipflexion_3,TO_Ankledorsiflexion_3,TO_Kneeflexion_4,TO_Hipflexion_4,TO_Ankledorsiflexion_4
4.600681546847198,6.128194894113648,8.557239861338331,6.387176913674153,-2.942612808265636,-8.448110961810528,-7.994743150513926,-4.472807978407133,,,,,,,,,,,,,,,,,,,,,,,,
5.9799195667816605,6.723889273702781,7.52237755498632,7.463634517886646,-2.102991058301228,-6.972556971832773,-3.306717058710319,-5.169039723728218,,,,,,,,,,,,,,,,,,,,,,,,
6.727481543981554,9.624364677178534,8.134145093742461,7.449846042818933,-4.976046539659734,-1.0357821178040467,-0.81778138518942,-5.99058487455801,,,,,,,,,,,,,,,,,,,,,,,,
,,,,,,,,0.8051320653405298,20.32661803770628,-0.8857833861275282,-0.2843350896508525,21.087672831589742,1.5585989776781446,-1.3669809407205378,20.62419635077663,-0.1934046002372014,-3.433253113239914,23.71369597220655,-2.404589198219597,27.731278653217714,-24.34361389098828,-18.93526999309003,30.380107664015583,-19.339206096093903,-19.60514924262054,35.66177836317138,-12.316960046503652,-17.3869008919077,42.65936081631119,-0.771111477741556,-15.96328721125741
,,,,,,,,-1.2920194093418615,16.28499864620295,0.2528548495163818,-0.4999531356494628,18.23379377690202,1.6410735152817324,-3.806395980554697,19.66601367848213,-3.324310423485528,-6.229224268418136,20.658980614567525,-0.4795725845429928,24.291768342721923,-25.49084481054044,-19.710887387969137,28.56822311377809,-23.629652841131417,-23.84493030988439,33.46010433976716,-16.17565447702728,-17.41437101989672,35.53524190498817,-6.433464948406993,-18.43579248905341
,,,,,,,,2.2737582320346235,19.1259387963089,1.522548753273881,-3.141153965883973,19.915895354886544,-1.1668092417460514,-3.5899538435714646,20.98432944233528,-1.7801748359037362,-1.1953502776073606,29.365456952795085,-1.4419433573954308,24.259230073163963,-26.9113246446,-20.3336179489166,34.9242309011953,-19.44956673449332,-20.6095634574733,38.48474123038102,-8.900816439016808,-20.18669826198787,39.497883998785625,-1.803868802692392,-20.68054411609881
