TD_Kneeadduction_1,TD_Kneeadduction_2,TD_Kneeadduction_3,TD_Kneeadduction_4,TO_Kneeadduction_1,TO_Kneeadduction_2,TO_Kneeadduction_3,TO_Kneeadduction_4,TD_Kneeflexion_1,TD_Hipflexion_1,TD_Ankledorsiflexion_1,TD_Kneeflexion_2,TD_Hipflexion_2,TD_Ankledorsiflexion_2,TD_Kneeflexion_3,TD_Hipflexion_3,TD_Ankledorsiflexion_3,TD_Kneeflexion_4,TD_Hipflexion_4,TD_Ankledorsiflexion_4,TO_Kneeflexion_1,TO_Hipflexion_1,TO_Ankledorsiflexion_1,TO_Kneeflexion_2,TO_Hipflexion_2,TO_Ankledorsiflexion_2,TO_Kneeflexion_3,TO_Hipflexion_3,TO_Ankledorsiflexion_3,TO_Kneeflexion_4,TO_Hipflexion_4,TO_Ankledorsiflexion_4
5.405651919547324,6.992283315464846,5.020814955007438,4.189560121088533,-5.777142805123049,-2.285997981027976,-3.615471370338781,1.7281194028416564,,,,,,,,,,,,,,,,,,,,,,,,
4.819645123108586,4.46725979407492,6.325827437730169,3.736848239902287,-2.3854771032780206,-7.242000616671419,-5.333293358268776,-3.923399468445496,,,,,,,,,,,,,,,,,,,,,,,,
,,,,,,,,0.803148774495952,20.326749966764535,0.8851127239637719,-0.2868727756265627,21.08773233504033,-1.5591141805069242,-1.3673174682231777,20.62516200449176,0.192680586594804,-3.434990553233888,23.714161685873137,2.404297716175336,27.730756884920027,-24.34415276640567,18.93772844260627,30.37942200575631,-19.34008980354855,19.60855251329956,35.662144432582295,-12.316835983249264,17.38934026565849,42.65950740770444,-0.7711370380868914,15.96612891791878
,,,,,,,,2.274766302375639,19.12591027836117,-1.5221539218189548,-3.1404614765177143,19.9155428421162,1.1671067617622557,-3.589279726888435,20.98404068336461,1.7802482836478646,-1.1947943990089698,29.364996725996377,1.4422386487436685,24.259838724198914,-26.910738802348703,20.332256383931835,34.92432256331162,-19.449164316994484,20.60827433499732,38.484553158122026,-8.900836460655427,20.185383776320396,39.497976961916976,-1.8038115339844865,20.67886973162072
3.1042031942746178,4.349117086138051,7.064604977029831,4.639046641139458,-2.3871797988217054,-8.049463254579308,-8.337413520843455,-4.484042639484585,,,,,,,,,,,,,,,,,,,,,,,,
,,,,,,,,-1.29155086119448,16.28501901117869,-0.2527854684444435,-0.4994941736366343,18.233846945793545,-1.640884756976874,-3.806010867414472,19.66597207268174,3.324367749454254,-6.228873802953842,20.65895657351055,0.4796534231865905,24.29200525667011,-25.490632595936177,19.71033480058324,28.56828700904927,-23.62953565342329,23.844342548014907,33.46018353445291,-16.175516809422902,17.41377387803587,35.53525206270771,-6.4335213573043575,18.43516099137072
