statistics,TD_Kneeadduction,TO_Kneeadduction,TD_Kneeflexion,TD_Hipflexion,TD_Ankledorsiflexion,TO_Kneeflexion,TO_Hipflexion,TO_Ankledorsiflexion
mean,4.464083100830112,-10.45299922073209,1.3943923692420388,22.933246831785585,-1.2485926958684281,33.66923601511282,-13.808584249247469,11.845519158827537
std,1.6786759224172778,3.069909410487421,2.3275266008544615,1.898235766024968,1.4996225667604959,3.7090807736373375,4.683323761265163,3.5307181335738624
min,1.255829366676096,-15.473100214232405,-3.6657353565414894,20.24113451351235,-4.439409766777644,25.505946669562263,-21.46804383717881,6.27796208580429
max,6.871265132541737,-5.609935119569769,5.088717565134459,27.356118576922,0.9682527066131854,40.079429538431896,-5.321685170384342,18.91376057248556
range,5.615435765865641,9.863165094662635,8.754452921675949,7.114984063409651,5.40766247339083,14.573482868869633,16.14635866679447,12.63579848668127
