statistics,TD_Kneeadduction,TO_Kneeadduction,TD_Kneeflexion,TD_Hipflexion,TD_Ankledorsiflexion,TO_Kneeflexion,TO_Hipflexion,TO_Ankledorsiflexion
mean,4.464075737052643,-10.452966230290668,-1.6996714604260887,22.820661114353726,1.273072056784501,32.907917907032775,-14.794653592018532,-14.302317490458137
std,1.6787538517207712,3.069877537728311,2.8343662720810623,2.3323030468914934,1.3592390886266743,4.19196200836672,5.0310594851734045,4.691254581574386
min,1.2555937275758424,-15.4731124306237,-7.369115779437436,20.08292153358539,-0.831033202975135,23.563289448506367,-22.84851266723922,-22.92284055816137
max,6.871280372761845,-5.609880867405025,2.9823089940269085,27.752792995136872,3.7582799912083686,39.75099305136942,-5.513419217773361,-7.694600876908169
range,5.615686645186003,9.863231563218676,10.351424773464345,7.66987146155148,4.589313194183504,16.187703602863053,17.33509344946586,15.2282396812532
