statistics,TD_Kneeadduction,TO_Kneeadduction,TD_Kneeflexion,TD_Hipflexion,TD_Ankledorsiflexion,TO_Kneeflexion,TO_Hipflexion,TO_Ankledorsiflexion
mean,4.464075737052643,-10.452966230290668,1.2788056814011306,22.904002796859285,0.9583370176797427,33.66916713412086,-13.808498990853458,-11.84464447309162
std,1.6787538517207712,3.069877537728311,2.404814932789947,1.987909381052553,1.1674574322333415,3.709279749010099,4.683410961267592,3.5299384310603474
min,1.2555937275758424,-15.4731124306237,-3.667098441976691,20.24117237402888,-0.9684505774308434,25.50521643757017,-21.468625522008352,-18.909476143416924
max,6.871280372761845,-5.609880867405025,5.091309641567619,27.35570580532496,3.047617470936004,40.07946454409807,-5.32148169743968,-6.276231808951295
range,5.615686645186003,9.863231563218676,8.75840808354431,7.114533431296078,4.016068048366847,14.574248106527904,16.147143824568673,12.63324433446563
