statistics,TD_Kneeadduction,TO_Kneeadduction,TD_Kneeflexion,TD_Hipflexion,TD_Ankledorsiflexion,TO_Kneeflexion,TO_Hipflexion,TO_Ankledorsiflexion
mean,4.662307508854577,-9.930750478261379,4.842036860659036,22.965585457563424,-0.9328654364600139,34.124983779389055,-12.635710148527458,8.882942169950555
std,1.5355422455447807,2.759715015530451,1.9548565523099914,1.6066570681008612,1.4032206939018206,3.133049041532161,4.3683834255083775,2.884923638022186
min,1.896366965575794,-14.510947707828391,0.5427972691931302,20.53639176882504,-3.966743072166338,27.361276662233134,-19.63207212166924,4.131367462018133
max,6.715668509981839,-5.641299961309613,7.807435981986885,26.89442953513685,1.3184785770161227,39.97928975700117,-4.7788562026960335,14.2612221843344
range,4.819301544406045,8.869647746518778,7.264638712793754,6.35803776631181,5.285221649182461,12.618013094768035,14.853215918973206,10.129854722316267
