TD_Kneeadduction_1,TD_Kneeadduction_2,TD_Kneeadduction_3,TD_Kneeadduction_4,TO_Kneeadduction_1,TO_Kneeadduction_2,TO_Kneeadduction_3,TO_Kneeadduction_4,TD_Kneeflexion_1,TD_Hipflexion_1,TD_Ankledorsiflexion_1,TD_Kneeflexion_2,TD_Hipflexion_2,TD_Ankledorsiflexion_2,TD_Kneeflexion_3,TD_Hipflexion_3,TD_Ankledorsiflexion_3,TD_Kneeflexion_4,TD_Hipflexion_4,TD_Ankledorsiflexion_4,TO_Kneeflexion_1,TO_Hipflexion_1,TO_Ankledorsiflexion_1,TO_Kneeflexion_2,TO_Hipflexion_2,TO_Ankledorsiflexion_2,TO_Kneeflexion_3,TO_Hipflexion_3,TO_Ankledorsiflexion_3,TO_Kneeflexion_4,TO_Hipflexion_4,TO_Ankledorsiflexion_4
3.168424047011797,6.143594864548845,4.055578513822724,3.3151277049319106,-8.817906914946434,-12.722918856407489,-11.427099869764843,-15.4731124306237,,,,,,,,,,,,,,,,,,,,,,,,
6.871280372761845,4.616545793572556,6.228608323053265,5.854966060905753,-7.7920831193737,-7.75039898795572,-11.713547880516046,-12.734383928771791,,,,,,,,,,,,,,,,,,,,,,,,
2.990609168855485,5.448772776002983,3.619807491588716,1.2555937275758424,-6.554766471877656,-11.389523595862729,-5.609880867405025,-13.44997183998288,,,,,,,,,,,,,,,,,,,,,,,,
,,,,,,,,4.8987020930401854,22.771792875340907,0.1279071354837242,0.3493439733447587,21.849336094838208,0.8560935763296129,1.3532453284913686,22.977763732150777,3.047617470936004,-3.667098441976691,20.766806943838816,-0.6283599539547708,32.9650119790233,-16.028226026717846,-9.526554733273429,25.50521643757017,-21.468625522008352,-10.3976035230326,32.016701069861,-15.507499308573188,-13.435813093127436,29.6998622677298,-11.551824003135836,-6.943228706002941
,,,,,,,,2.301656980794121,21.35338109400917,-0.9684505774308434,-0.4308638250753631,20.24117237402888,0.4515737772481571,1.3330943430714228,23.48617585529655,1.8948525038978656,0.7596692823003934,24.46322721107029,1.6422091555727292,34.72273934571473,-16.48937432304234,-10.69237095430951,32.47272907803347,-17.4748129614143,-14.55639201017874,36.324623668766776,-11.634174102084728,-14.20008389622781,40.07946454409807,-7.146932300460037,-14.065483013772578
,,,,,,,,5.091309641567619,24.1618616933404,1.3072523526700195,0.5367303887804553,22.516807086213163,1.080638754488831,1.5410727310741663,27.35570580532496,1.73037299923584,,,,33.95520167208983,-15.79958914483464,-6.276231808951295,33.51164683279629,-17.09731209082912,-10.381690206981943,36.1291777396865,-10.182136409701428,-18.909476143416924,36.64763097408036,-5.32148169743968,-12.750805587824246
