TD_Kneeadduction_1,TD_Kneeadduction_2,TD_Kneeadduction_3,TD_Kneeadduction_4,TO_Kneeadduction_1,TO_Kneeadduction_2,TO_Kneeadduction_3,TO_Kneeadduction_4,TD_Kneeflexion_1,TD_Hipflexion_1,TD_Ankledorsiflexion_1,TD_Kneeflexion_2,TD_Hipflexion_2,TD_Ankledorsiflexion_2,TD_Kneeflexion_3,TD_Hipflexion_3,TD_Ankledorsiflexion_3,TD_Kneeflexion_4,TD_Hipflexion_4,TD_Ankledorsiflexion_4,TO_Kneeflexion_1,TO_Hipflexion_1,TO_Ankledorsiflexion_1,TO_Kneeflexion_2,TO_Hipflexion_2,TO_Ankledorsiflexion_2,TO_Kneeflexion_3,TO_Hipflexion_3,TO_Ankledorsiflexion_3,TO_Kneeflexion_4,TO_Hipflexion_4,TO_Ankledorsiflexion_4
3.2213232227224182,6.296813465088007,4.521603725842851,3.659241512982845,-8.256693559066719,-11.715094068233071,-11.272843296081447,-14.510947707828391,,,,,,,,,,,,,,,,,,,,,,,,
6.715668509981839,4.746622049596283,6.328121050538528,5.963181811980093,-7.374468037873271,-7.8543775633172,-11.133899679349724,-11.247876934462226,,,,,,,,,,,,,,,,,,,,,,,,
3.170026071493595,5.605833337357609,3.822888383095062,1.896366965575794,-6.415067949879557,-10.716399492312943,-5.641299961309613,-13.03003748942237,,,,,,,,,,,,,,,,,,,,,,,,
,,,,,,,,7.275341491482408,22.726261090743435,0.2839445401250771,4.100694973872066,21.85391070554894,-0.6326497426529158,5.155139331176088,23.22343218698589,-2.543242893925779,0.5427972691931302,21.17398357539767,0.4464166969885497,33.6026839882168,-14.299874784546518,6.350392459033415,27.361276662233134,-19.63207212166924,8.324096719104176,33.023660833283856,-13.918338202370023,9.394577384089756,30.8038388177969,-10.410721197892542,5.021958348658785
,,,,,,,,6.301137513142521,22.061071575566416,1.3184785770161227,3.659514066469967,20.53639176882504,-0.2587806528716214,4.372751329126487,23.287809909473708,-1.508408900297212,3.361345873203448,23.918341125762822,-1.464641489232264,35.523845079588,-14.780858976725623,11.5987560646995,32.68507900151988,-16.621142184855046,11.110439391220254,35.826013099956015,-11.044630814845476,9.97814278393902,39.97928975700117,-6.15542284932792,9.865437508391324
,,,,,,,,7.807435981986885,23.68088622573836,-0.576531917083031,6.306048036145427,23.34155631946777,-3.966743072166338,4.626529571512066,22.8889514721142,-1.2755508705190266,4.595706890597938,26.89442953513685,-1.0166755129017275,34.40309211871184,-14.775000926149346,4.131367462018133,33.9893081434374,-15.789885538311808,7.070811878698521,35.82537324217441,-9.421717982939924,14.2612221843344,36.47634460874917,-4.7788562026960335,9.488103855219364
