TD_Kneeadduction_1,TD_Kneeadduction_2,TD_Kneeadduction_3,TD_Kneeadduction_4,TO_Kneeadduction_1,TO_Kneeadduction_2,TO_Kneeadduction_3,TO_Kneeadduction_4,TD_Kneeflexion_1,TD_Hipflexion_1,TD_Ankledorsiflexion_1,TD_Kneeflexion_2,TD_Hipflexion_2,TD_Ankledorsiflexion_2,TD_Kneeflexion_3,TD_Hipflexion_3,TD_Ankledorsiflexion_3,TD_Kneeflexion_4,TD_Hipflexion_4,TD_Ankledorsiflexion_4,TO_Kneeflexion_1,TO_Hipflexion_1,TO_Ankledorsiflexion_1,TO_Kneeflexion_2,TO_Hipflexion_2,TO_Ankledorsiflexion_2,TO_Kneeflexion_3,TO_Hipflexion_3,TO_Ankledorsiflexion_3,TO_Kneeflexion_4,TO_Hipflexion_4,TO_Ankledorsiflexion_4
6.871265132541737,4.616387627013324,6.228446049945262,5.854819665807867,-7.792221068349846,-7.750142720596386,-11.713499514475728,-12.734939042289852,,,,,,,,,,,,,,,,,,,,,,,,
2.9906918364556816,5.448871185352971,3.6199122065863207,1.255829366676096,-6.554786898850239,-11.389480271031346,-5.609935119569769,-13.449966628743084,,,,,,,,,,,,,,,,,,,,,,,,
3.16843276961248,6.14360418002309,4.0555950496024025,3.315142140344108,-8.817898125637385,-12.722909897163078,-11.427111147845975,-15.473100214232405,,,,,,,,,,,,,,,,,,,,,,,,
,,,,,,,,2.300622267862224,21.353149841555933,0.9682527066131854,-0.4317800678177264,20.24113451351235,-0.4516940472548043,1.3324917296924357,23.48624168350952,-1.8950542847628495,0.7591128495895418,24.46336860476561,-1.6422735333695186,34.72246551323326,-16.489789202532677,10.69176032758493,32.47264468112968,-17.47495519919184,14.557197641146049,36.32462731982764,-11.63430826821741,14.201141738786234,40.079429538431896,-7.147091428916042,14.066523568369774
,,,,,,,,5.088717565134459,24.162243915803543,-1.30845518091958,2.6733185592658515,23.25447371726068,-4.439409766777644,0.533056137485886,22.51635684145549,-1.0804995505956754,1.538496180216299,27.356118576922,-1.7314150638222827,33.95474514349016,-15.800230637592875,6.27796208580429,33.510953379945875,-17.098295103133523,10.384756251180915,36.129368209437246,-10.182534011577587,18.91376057248556,36.64778163564361,-5.321685170384342,12.753644282904148
,,,,,,,,4.89941882600894,22.771799097683697,-0.1276857631629582,0.3505760668135451,21.84931074857533,-0.8559314979426063,1.3544136731945002,22.97781777793122,-3.0473051141756144,-3.6657353565414894,20.766946662451687,0.6283587457492104,32.96540199382636,-16.02759809464112,9.525413830818437,25.505946669562263,-21.46804383717881,10.39701282419962,32.01722524275405,-15.506950593853531,13.434368334199632,29.700242854071803,-11.551529443749873,6.94268844845088
