statistics,TD_Kneeadduction,TO_Kneeadduction,TD_Kneeflexion,TD_Hipflexion,TD_Ankledorsiflexion,TO_Kneeflexion,TO_Hipflexion,TO_Ankledorsiflexion
mean,5.512762146441514,-7.020955091027972,5.128398410093818,21.783595245784245,-2.8404151741807575,36.2632215308472,-11.450376975278743,1.7796498060431485
std,4.298222409527421,4.903608048850514,3.409189447040395,5.491419991231599,3.311777594763278,3.1929578790281017,11.29764634574297,5.892726345071513
min,-0.2921398391785601,-15.861177679521887,0.4018606915516614,5.863774157399803,-7.9422876422265745,32.14004608220401,-43.23490788359766,-12.32283876430614
max,12.0057886183576,-0.0947257603253604,10.4255867307956,27.40149978949364,2.1192868539652068,42.18486167866851,0.2839909785810732,10.10246826763256
range,12.29792845753616,15.766451919196527,10.023726039243938,21.53772563209384,10.061574496191781,10.044815596464503,43.51889886217873,22.4253070319387
