statistics,TD_Kneeadduction,TO_Kneeadduction,TD_Kneeflexion,TD_Hipflexion,TD_Ankledorsiflexion,TO_Kneeflexion,TO_Hipflexion,TO_Ankledorsiflexion
mean,5.506679121738848,-7.469857398644801,2.046862700136103,21.308748661964895,-3.9053303387654537,36.413029096295766,-10.072890156073806,4.412210064277478
std,4.5724388300020715,5.090613591877184,3.103058652165765,6.865806120626239,3.378554465961774,3.151867721893089,5.799879893916038,6.424306386275821
min,-0.6140512661065429,-16.922681238161402,-2.574436922962093,0.805251420565213,-9.794901902569222,32.444576083627965,-17.803834476555863,-11.119261370258071
max,12.625130384031364,-0.2523779150646419,6.464401842897132,27.0399510024252,1.6429045791632717,42.37614768509059,-1.2697436989907658,13.004737616048205
range,13.239181650137906,16.67030332309676,9.038838765859225,26.23469958185999,11.437806481732494,9.931571601462622,16.534090777565098,24.123998986306276
