statistics,TD_Kneeadduction,TO_Kneeadduction,TD_Kneeflexion,TD_Hipflexion,TD_Ankledorsiflexion,TO_Kneeflexion,TO_Hipflexion,TO_Ankledorsiflexion
mean,5.506659927243916,-7.469809565948869,2.020253481777171,23.07573368145658,3.761694714803595,36.22049164245127,-11.527109050869788,-5.817115077652623
std,4.572480459312153,5.0906007396354145,3.012816414893346,2.5514984321574077,3.1748790413772583,2.906519087551845,4.226026550084467,3.8270207946957946
min,-0.6144892471902779,-16.922455712271244,-2.5717830982863177,18.434659183799795,-1.6427525269203045,32.444706257175284,-17.728996898652355,-11.225563538485176
max,12.625082733025977,-0.2523830867486367,6.4630171882285765,27.039717018829123,8.353778397441062,42.376461725645385,-3.5391995357395274,0.869007824617114
range,13.239571980216255,16.670072625522607,9.034800286514894,8.605057835029328,9.996530924361366,9.9317554684701,14.189797362912827,12.09457136310229
