statistics,TD_Kneeadduction,TO_Kneeadduction,TD_Kneeflexion,TD_Hipflexion,TD_Ankledorsiflexion,TO_Kneeflexion,TO_Hipflexion,TO_Ankledorsiflexion
mean,5.506659927243916,-7.469809565948869,-0.8227066873797743,22.753266386138108,4.550426193976562,36.121905207210254,-12.174788718179586,-8.629189341353682
std,4.572480459312153,5.0906007396354145,2.5371316767133307,2.7333339662307665,3.223759083169865,2.9210399675911964,4.737148059898406,4.508760762542106
min,-0.6144892471902779,-16.922455712271244,-5.374760643901567,17.533394289551268,-1.9108402552961932,32.87901522925273,-19.525722060799524,-15.32532452355916
max,12.625082733025977,-0.2523830867486367,2.719460639166812,26.29236622716164,8.741569273576587,42.14984598008655,-4.552879075637378,-0.9515992323019304
range,13.239571980216255,16.670072625522607,8.094221283068379,8.758971937610372,10.65240952887278,9.270830750833824,14.972842985162146,14.37372529125723
