TD_Kneeadduction_1,TD_Kneeadduction_2,TD_Kneeadduction_3,TD_Kneeadduction_4,TO_Kneeadduction_1,TO_Kneeadduction_2,TO_Kneeadduction_3,TO_Kneeadduction_4,TD_Kneeflexion_1,TD_Hipflexion_1,TD_Ankledorsiflexion_1,TD_Kneeflexion_2,TD_Hipflexion_2,TD_Ankledorsiflexion_2,TD_Kneeflexion_3,TD_Hipflexion_3,TD_Ankledorsiflexion_3,TD_Kneeflexion_4,TD_Hipflexion_4,TD_Ankledorsiflexion_4,TO_Kneeflexion_1,TO_Hipflexion_1,TO_Ankledorsiflexion_1,TO_Kneeflexion_2,TO_Hipflexion_2,TO_Ankledorsiflexion_2,TO_Kneeflexion_3,TO_Hipflexion_3,TO_Ankledorsiflexion_3,TO_Kneeflexion_4,TO_Hipflexion_4,TO_Ankledorsiflexion_4
6.502624168448136,6.056776327623368,7.853249246872252,0.1533455922476605,-11.29355797346568,-6.6247780509037,-0.0947257603253604,-9.070806186149696,,,,,,,,,,,,,,,,,,,,,,,,
1.3034343049250197,6.339254940888367,12.0057886183576,10.766434891402866,-0.3237539669662794,-0.4611918761270033,-8.86214272711527,-15.861177679521887,,,,,,,,,,,,,,,,,,,,,,,,
0.251166365462808,5.4348284527440285,9.778382687504632,-0.2921398391785601,-8.797947847013091,-9.653569014056783,-3.9530813178014057,-9.2547286928895,,,,,,,,,,,,,,,,,,,,,,,,
,,,,,,,,7.1356566907619765,24.0810948625182,0.0049301582123746,4.499867391911323,22.21342749920646,2.1192868539652068,10.4255867307956,27.40149978949364,-7.9422876422265745,0.4018606915516614,20.23604968928873,-3.54368032365781,36.71706849270171,-13.744542832839954,-0.5935440256300524,32.14004608220401,-13.180622720168998,5.058350381344226,39.406500049044325,-9.031202916427247,-1.4246169942607736,32.28194088102873,-7.16955459149591,0.2922638592631585
,,,,,,,,8.504916708402163,24.544136580169464,0.7736105390422807,2.397954405882388,21.60416776186153,-3.443866731087823,7.173374957746972,23.346813960120528,-7.852702570720893,0.6034074382812378,22.56331659087914,-1.799231945532938,36.778148036193215,-16.24253898020379,1.8360477511843245,38.9383631557636,0.2839909785810732,10.10246826763256,32.830146910224215,-12.326220089377813,8.622159493738224,39.184272934181394,-1.5405393267697036,-12.32283876430614
,,,,,,,,7.546756170308669,25.40419234611136,-0.0736317287156396,5.088604149939584,5.863774157399803,-1.6567883122988718,7.08686718233912,24.79933421210956,-4.9540151678153,0.6759284032051198,19.34533550025253,-5.716605219333104,34.734593516432824,-43.23490788359766,-2.7587642950303177,42.18486167866851,-1.916115521321558,4.559748349291866,35.60525132557146,-11.118252810284131,3.906158627916767,34.35746530815234,-8.18401700943923,4.078365021373941
