TD_Kneeadduction_1,TD_Kneeadduction_2,TD_Kneeadduction_3,TD_Kneeadduction_4,TO_Kneeadduction_1,TO_Kneeadduction_2,TO_Kneeadduction_3,TO_Kneeadduction_4,TD_Kneeflexion_1,TD_Hipflexion_1,TD_Ankledorsiflexion_1,TD_Kneeflexion_2,TD_Hipflexion_2,TD_Ankledorsiflexion_2,TD_Kneeflexion_3,TD_Hipflexion_3,TD_Ankledorsiflexion_3,TD_Kneeflexion_4,TD_Hipflexion_4,TD_Ankledorsiflexion_4,TO_Kneeflexion_1,TO_Hipflexion_1,TO_Ankledorsiflexion_1,TO_Kneeflexion_2,TO_Hipflexion_2,TO_Ankledorsiflexion_2,TO_Kneeflexion_3,TO_Hipflexion_3,TO_Ankledorsiflexion_3,TO_Kneeflexion_4,TO_Hipflexion_4,TO_Ankledorsiflexion_4
0.8787012946752384,6.631255256140804,12.625130384031364,10.38663238558226,-0.6662619082484866,-1.1777471993846973,-9.16641133829242,-16.922681238161402,,,,,,,,,,,,,,,,,,,,,,,,
-0.6140512661065429,5.045477149400625,9.426002365477755,-0.5291465215197206,-9.69423007340444,-9.189908674691424,-3.867079179267165,-9.762916101001366,,,,,,,,,,,,,,,,,,,,,,,,
8.818851820514652,5.205377971043504,7.867236154020844,0.3386824676053948,-12.570218914514696,-7.269572462333883,-0.2523779150646419,-9.098883779372985,,,,,,,,,,,,,,,,,,,,,,,,
,,,,,,,,5.099526371498712,23.824921089563706,-0.5993631101865304,-0.9537513933532296,21.16009641910216,-5.051304072626181,4.994068571753303,24.011360549352474,-9.794901902569222,-0.7100189386747502,24.20181020597647,-2.7071997016879408,36.51133753473314,-17.803834476555863,4.371405459704832,38.79688854093902,-1.2697436989907658,13.004737616048205,33.3718819555786,-13.591196809153187,12.04390217249444,39.58667499152162,-1.613733217285045,-11.119261370258071
,,,,,,,,4.516436548309201,25.472464628329192,-1.1139508227203976,1.3156218792657342,0.805251420565213,-3.423668519357406,3.169188221303472,24.488577112230416,-5.217315112546757,-2.574436922962093,18.433846053032426,-6.740997595437861,34.64989100730605,-16.87690085586098,-0.8672851442903209,42.37614768509059,-3.541244975292159,7.580895112244434,35.30646004323819,-12.638727060644726,6.984317865549372,34.87437991600683,-8.557674151127316,8.090886030539167
,,,,,,,,4.149014008414582,23.73003330410376,-0.994343905917745,1.222382247792524,22.18654726444379,1.6429045791632717,6.464401842897132,27.0399510024252,-8.353577267832662,-2.1300800346113533,20.350124894453955,-4.510246633466011,36.57494737953661,-15.243273190695618,2.314907469901428,32.61468704441165,-13.47645956556184,6.743928015575847,39.84847697355889,-9.732537995871638,1.6191442430622374,32.444576083627965,-6.529355875846534,2.1789433007581778
