TD_Kneeadduction_1,TD_Kneeadduction_2,TD_Kneeadduction_3,TD_Kneeadduction_4,TO_Kneeadduction_1,TO_Kneeadduction_2,TO_Kneeadduction_3,TO_Kneeadduction_4,TD_Kneeflexion_1,TD_Hipflexion_1,TD_Ankledorsiflexion_1,TD_Kneeflexion_2,TD_Hipflexion_2,TD_Ankledorsiflexion_2,TD_Kneeflexion_3,TD_Hipflexion_3,TD_Ankledorsiflexion_3,TD_Kneeflexion_4,TD_Hipflexion_4,TD_Ankledorsiflexion_4,TO_Kneeflexion_1,TO_Hipflexion_1,TO_Ankledorsiflexion_1,TO_Kneeflexion_2,TO_Hipflexion_2,TO_Ankledorsiflexion_2,TO_Kneeflexion_3,TO_Hipflexion_3,TO_Ankledorsiflexion_3,TO_Kneeflexion_4,TO_Hipflexion_4,TO_Ankledorsiflexion_4
8.818906037380515,5.205343919665609,7.867236991129488,0.3386864574800654,-12.570242319327434,-7.269587409427032,-0.2523830867486367,-9.098869523475656,,,,,,,,,,,,,,,,,,,,,,,,
0.8790926732796152,6.631316230905242,12.625082733025977,10.386954405619209,-0.6661994252034731,-1.1776344905841256,-9.166515849050713,-16.922455712271244,,,,,,,,,,,,,,,,,,,,,,,,
-0.6144892471902779,5.045234309221428,9.425783575773464,-0.529228959363337,-9.694272157910689,-9.189558269653132,-3.866985748947599,-9.763010798786697,,,,,,,,,,,,,,,,,,,,,,,,
,,,,,,,,4.147830681259308,23.729659247965916,0.9948020572813476,1.2212595137435756,22.18650461831388,-1.6427525269203045,6.4630171882285765,27.039717018829123,8.353778397441062,-2.130827592975436,20.35018268157114,4.51067045771461,36.57480486431771,-15.243807997153226,-2.315990749095988,32.61496248696929,-13.4763949078268,-6.744398660504345,39.84853459423414,-9.73273194133941,-1.620226702139732,32.444706257175284,-6.52897203810528,-2.179432148323869
,,,,,,,,5.490525886067132,24.089649423053345,0.3506683465500799,-0.2520263667355777,20.251487784018053,5.019646016179095,1.7912208928248106,23.14866993640362,7.085581081255427,0.3716375191323493,24.640983031708885,3.6371546678997646,36.564057262277686,-17.728996898652355,-4.381167998548648,35.512656043365695,-13.08187868169935,-9.553175172894823,34.975161031043655,-12.044527766353497,-11.225563538485176,38.90396247359288,-8.877411206030189,-10.00693772753543
,,,,,,,,4.519143150993813,25.472521570870214,1.112431135028359,3.172790525296648,24.489035999488408,5.21681862190286,-2.5717830982863177,18.434659183799795,6.739843608507243,,,,34.64998151228372,-16.87599484127773,0.869007824617114,42.376461725645385,-3.5391995357395274,-7.578567640992333,35.30676963940991,-12.637713499383295,-6.981704794523381,34.87384181909991,-8.557679296876785,-8.087223623404867
