statistics,TD_Kneeadduction,TO_Kneeadduction,TD_Kneeflexion,TD_Hipflexion,TD_Ankledorsiflexion,TO_Kneeflexion,TO_Hipflexion,TO_Ankledorsiflexion
mean,-0.8723619942131341,-5.203501776662532,5.160896488152481,23.450014243819528,-2.7392315398124105,38.35428357556774,-14.632959599773647,1.2881979333111933
std,4.9087626607714245,4.955442486594251,2.644909713599064,5.682272021707168,3.3582227822570205,4.526138882835451,9.729484051767065,2.695867367692577
min,-10.542060145299104,-15.53574916417736,0.9803557560861692,6.842276233266546,-8.415750745512199,30.59552614840277,-40.48989204895247,-3.0910995659231304
max,5.609444331081647,-0.2547846299179923,9.946727692109988,27.85387055124636,3.2991091224007647,44.59602235520154,-4.257608682534652,5.867287754590251
range,16.15150447638075,15.280964534259368,8.966371936023819,21.011594317979814,11.714859867912963,14.000496206798772,36.23228336641782,8.958387320513381
