statistics,TD_Kneeadduction,TO_Kneeadduction,TD_Kneeflexion,TD_Hipflexion,TD_Ankledorsiflexion,TO_Kneeflexion,TO_Hipflexion,TO_Ankledorsiflexion
mean,-0.8668552815318668,-4.544898028744629,3.369958619623084,25.430981828061324,3.992900783237085,39.00372814710233,-13.492436358920743,-3.772325135734994
std,4.7310337518458985,4.782653549303944,2.679586762864696,2.508240408981452,3.5722046240995917,5.136428023711783,6.690838470281889,2.6499559632645866
min,-11.353161399909936,-14.481459340536702,0.013659938218268,20.467356518674308,-1.8560086690713573,29.92093687635915,-25.521280475906565,-7.734660506508305
max,5.1797273574527765,0.1029878973237998,7.762884480084665,28.268595390913788,10.881981711759266,45.16258618694872,-4.46865858187391,0.1956531421567575
range,16.532888757362713,14.584447237860502,7.749224541866397,7.80123887223948,12.737990380830624,15.241649310589573,21.052621894032654,7.930313648665063
