statistics,TD_Kneeadduction,TO_Kneeadduction,TD_Kneeflexion,TD_Hipflexion,TD_Ankledorsiflexion,TO_Kneeflexion,TO_Hipflexion,TO_Ankledorsiflexion
mean,-0.8668552815318668,-4.544898028744629,1.878218255811274,25.671329258383622,5.181901634040031,39.35588485211093,-13.838285912928418,-6.031047929717567
std,4.7310337518458985,4.782653549303944,2.9930158007509187,3.0207223718142235,3.936772678658304,5.757639581756808,7.326761986376322,2.8105128262651777
min,-11.353161399909936,-14.481459340536702,-0.8895388507455948,20.05161239138755,-0.4418385466775447,29.02216199203778,-27.50551047283884,-10.408760368365222
max,5.1797273574527765,0.1029878973237998,7.958034176067372,30.043201051366992,13.350908162133692,45.54679612169892,-4.834796667178665,-1.8988888079585564
range,16.532888757362713,14.584447237860502,8.847573026812967,9.991588659979442,13.792746708811237,16.524634129661138,22.670713805660174,8.509871560406665
