statistics,TD_Kneeflexion,TD_Hipflexion,TD_Ankledorsiflexion,TO_Kneeflexion,TO_Hipflexion,TO_Ankledorsiflexion,TD_Kneeadduction,TO_Kneeadduction
mean,3.3696514615967317,25.430954763596265,-3.9930584026995533,39.00373086941203,-13.492534039174389,3.772763376156193,-1.3661320575707403,-5.41973460544173
std,2.6793265667546438,2.508228384607601,3.5721816383876233,5.13657993164229,6.690827568712471,2.6499565599066908,4.774767219678021,4.911527296494031
min,0.0138086354459687,20.46744256369118,-10.88142053105028,29.92110838892808,-25.520824803621338,-0.1963781589056026,-12.319287295843251,-15.864086453115306
max,7.762870545815673,28.26819670128529,1.8564897709212147,45.16249030858904,-4.468584247501298,7.734275463763254,4.5488326965251815,-1.073849025106881
range,7.749061910369704,7.800754137594112,12.737910301971494,15.241381919660963,21.05224055612004,7.930653622668856,16.868119992368435,14.790237428008425
