statistics,TD_Kneeflexion,TD_Hipflexion,TD_Ankledorsiflexion,TO_Kneeflexion,TO_Hipflexion,TO_Ankledorsiflexion,TD_Kneeadduction,TO_Kneeadduction
mean,-4.350816369305825,20.972915638692328,1.1790157633378915,38.102075856810494,-17.04598798678692,7.290263480978346,1.2882989938581535,-10.353789013797504
std,1.6113774101348342,5.130671314963495,1.1213016271053404,7.232510816769961,8.844063349879832,2.9384084176318828,1.4259237243978595,2.0427797690639675
min,-7.423358042979743,13.129390367485968,-0.7267713533086351,27.232565483282173,-28.30617118931687,0.9885717465572696,-0.494151772472037,-13.718311167757037
max,-2.079540813267528,29.57188156551811,3.1777172410922105,49.33189753251693,-3.3478188239397184,12.16496834125013,3.2987707627084437,-5.315614564629584
range,5.343817229712215,16.442491198032144,3.9044885944008456,22.09933204923476,24.958352365377152,11.17639659469286,3.7929225351804807,8.402696603127453
