statistics,TD_Kneeadduction,TO_Kneeadduction,TD_Kneeflexion,TD_Hipflexion,TD_Ankledorsiflexion,TO_Kneeflexion,TO_Hipflexion,TO_Ankledorsiflexion
mean,2.9021948075446673,-10.041327459369933,-1.149951940300923,21.0286103194941,1.4537275258133715,37.438267082200376,-16.536545643025125,4.109747862128027
std,1.4953861161551867,2.8904082068635057,1.1998661362679142,4.644993875163632,0.9392289092817608,6.730347715044895,8.515486266700547,3.0539039202140996
min,0.8501265362158676,-15.745467132737929,-3.025118112857541,13.957769855463027,-0.4452493099439181,27.411261010179544,-26.58920864355963,-2.4571089302542504
max,4.861333350984268,-4.246896944981103,0.8069491158837252,28.90401831939525,2.6966175744960026,48.38329111836464,-3.3689805730974456,9.055392056756034
range,4.011206814768401,11.498570187756826,3.8320672287412663,14.946248463932221,3.1418668844399207,20.972030108185095,23.220228070462184,11.512500987010284
