statistics,TD_Kneeadduction,TO_Kneeadduction,TD_Kneeflexion,TD_Hipflexion,TD_Ankledorsiflexion,TO_Kneeflexion,TO_Hipflexion,TO_Ankledorsiflexion
mean,3.4182578404326285,-8.953061655890444,-4.351672565263925,20.97290947196223,-1.17882550810837,38.10221330846164,-17.04607689073346,-7.291221599109131
std,1.6345913702321708,3.557693591613645,1.6115917054786022,5.130837093491276,1.121336429878416,7.23273880722751,8.844227612578747,2.9382037638637923
min,1.1673476463196837,-15.795720781227118,-7.425236741362625,13.129254626836854,-3.177790045058572,27.23246052031797,-28.30692854055178,-12.165427639783305
max,5.568200801025398,-3.0015634102149136,-2.080579524833013,29.572257741397635,0.7269813444971618,49.33231156416701,-3.3477300198824764,-0.990402876759191
range,4.400853154705715,12.794157371012204,5.344657216529612,16.44300311456078,3.9047713895557337,22.099851043849036,24.959198520669304,11.175024763024114
