statistics,TD_Kneeadduction,TO_Kneeadduction,TD_Kneeflexion,TD_Hipflexion,TD_Ankledorsiflexion,TO_Kneeflexion,TO_Hipflexion,TO_Ankledorsiflexion
mean,3.4182578404326285,-8.953061655890444,-7.066918126909563,20.91107532200041,-0.7608678186464353,38.271065619011615,-17.39600244172141,-9.91912461798186
std,1.6345913702321708,3.557693591613645,2.291200279683903,5.768157312737369,1.4018665958652405,7.5208104018290935,9.02126992297947,2.6397401816572454
min,1.1673476463196837,-15.795720781227118,-11.31147891128731,12.174457496346747,-3.871699327903116,26.917846352983872,-29.431042768909776,-14.154025586444789
max,5.568200801025398,-3.0015634102149136,-4.003513380842634,30.4055295638272,0.8695810608010675,49.49838007465948,-3.3882926455843574,-4.1780566761118365
range,4.400853154705715,12.794157371012204,7.307965530444676,18.231072067480454,4.741280388704183,22.580533721675607,26.04275012332542,9.975968910332952
