statistics,TD_Kneeflexion,TD_Hipflexion,TD_Ankledorsiflexion,TO_Kneeflexion,TO_Hipflexion,TO_Ankledorsiflexion,TD_Kneeadduction,TO_Kneeadduction
mean,4.38480309774462,25.67135415001909,-9.594274282580292,34.138971540103846,-17.385875313672308,3.4016131619549115,-0.25215097707807105,-5.495940131531287
std,2.121842515772799,1.7993117095070266,3.0450070628716195,2.465130555569691,5.923486994932383,3.5154809664396183,2.2799038785612766,5.575017680162033
min,1.2813612157065677,22.96588362594616,-12.299065664873185,30.373987296781,-29.43230618768257,-2.694732065814464,-4.623351875245618,-16.408953699067922
max,7.767193094117289,29.15424309453709,-4.353426392944186,37.87233788796115,-11.725973113194442,8.380174500262996,3.7552912634482993,0.7914058301452087
range,6.485831878410721,6.1883594685909316,7.945639271928998,7.498350591180152,17.70633307448813,11.074906566077459,8.378643138693917,17.20035952921313
