statistics,TD_Kneeadduction,TO_Kneeadduction,TD_Kneeflexion,TD_Hipflexion,TD_Ankledorsiflexion,TO_Kneeflexion,TO_Hipflexion,TO_Ankledorsiflexion
mean,-0.25214337737378967,-5.495960733394338,1.4339912946786058,25.405346274782904,10.15149978740617,33.47151555040074,-18.455557346657976,-6.095020143100936
std,2.279889903552155,5.57496209211406,2.1719733740722758,2.2325423125411503,2.9587929179152974,2.907500862433865,6.624880186574582,4.376802712527587
min,-4.623141150616732,-16.40890239379658,-0.6814683330259186,21.810888315379856,5.13045714890248,29.04781691567445,-32.3756354312639,-12.282952967211784
max,3.7554842825523735,0.791379732853585,5.983231580028104,29.49381855392272,13.789041507406054,37.99733343535064,-12.18548887849184,0.5832052957704121
range,8.378625433169105,17.200282126650166,6.664699913054022,7.682930238542863,8.658584358503575,8.949516519676191,20.190146552772063,12.866158262982196
