statistics,TD_Kneeadduction,TO_Kneeadduction,TD_Kneeflexion,TD_Hipflexion,TD_Ankledorsiflexion,TO_Kneeflexion,TO_Hipflexion,TO_Ankledorsiflexion
mean,-0.25214337737378967,-5.495960733394338,4.387083212913308,25.671380132845037,9.59370616500473,34.13940829589821,-17.385110472206314,-3.399549294024824
std,2.279889903552155,5.57496209211406,2.1220725300397323,1.7990673850222034,3.0451981601679097,2.4646581523016478,5.9232836762241,3.5158668052803654
min,-4.623141150616732,-16.40890239379658,1.282759168088262,22.966883120075863,4.351838495430897,30.375001219816426,-29.432195124851063,-8.380068403455752
max,3.7554842825523735,0.791379732853585,7.770452003926209,29.153816045833537,12.29771485371458,37.871961212614735,-11.725722268731973,2.697528832651983
range,8.378625433169105,17.200282126650166,6.487692835837947,6.186932925757674,7.945876358283684,7.49695999279831,17.706472856119092,11.077597236107735
