statistics,TD_Kneeadduction,TO_Kneeadduction,TD_Kneeflexion,TD_Hipflexion,TD_Ankledorsiflexion,TO_Kneeflexion,TO_Hipflexion,TO_Ankledorsiflexion
mean,-0.4172038853998828,-5.525104985546963,7.513791378638101,25.943136875226354,-9.043254813989991,34.56318272265078,-16.826537589109595,0.6201087390479614
std,2.0147262944459263,5.452517024230754,2.310683112464319,2.289459613361129,3.110831992636402,2.074014495677898,6.030605665364613,3.005043868736024
min,-4.229912992867355,-16.275263499205835,3.4228893467862065,23.660250153137525,-12.234488175001305,31.205211103386063,-26.46968177948105,-4.706002020481662
max,2.770579960958542,0.5580484604799949,11.279417620329411,31.515479843396776,-3.410413268020463,37.3203176158367,-11.476088920536682,4.663829597720735
range,7.000492953825898,16.83331195968583,7.856528273543205,7.85522969025925,8.824074906980842,6.115106512450637,14.993592858944368,9.369831618202397
