TD_Kneeadduction_1,TD_Kneeadduction_2,TD_Kneeadduction_3,TD_Kneeadduction_4,TO_Kneeadduction_1,TO_Kneeadduction_2,TO_Kneeadduction_3,TO_Kneeadduction_4,TD_Kneeflexion_1,TD_Hipflexion_1,TD_Ankledorsiflexion_1,TD_Kneeflexion_2,TD_Hipflexion_2,TD_Ankledorsiflexion_2,TD_Kneeflexion_3,TD_Hipflexion_3,TD_Ankledorsiflexion_3,TD_Kneeflexion_4,TD_Hipflexion_4,TD_Ankledorsiflexion_4,TO_Kneeflexion_1,TO_Hipflexion_1,TO_Ankledorsiflexion_1,TO_Kneeflexion_2,TO_Hipflexion_2,TO_Ankledorsiflexion_2,TO_Kneeflexion_3,TO_Hipflexion_3,TO_Ankledorsiflexion_3,TO_Kneeflexion_4,TO_Hipflexion_4,TO_Ankledorsiflexion_4
1.0491215431453895,2.770579960958542,-2.180594830451696,-0.6821653852897214,0.4584352011430042,-6.7796736863985245,-8.602534318400103,-16.275263499205835,,,,,,,,,,,,,,,,,,,,,,,,
1.1683236604490048,-1.7681825454013165,-4.229912992867355,,-1.0536158003637863,-10.049868499384274,-5.447653575057046,,,,,,,,,,,,,,,,,,,,,,,,,
-0.0837804358264122,0.857101892183266,-1.0725297208985296,,-0.6232947573157617,0.5580484604799949,-7.435629380967299,,,,,,,,,,,,,,,,,,,,,,,,,
,,,,,,,,11.279417620329411,23.98119657769371,-6.487976831226348,7.60121158349736,26.060452423282413,-10.367140397009194,5.392630818869435,26.599976975109712,-11.660795376548664,3.4228893467862065,23.660250153137525,-10.715780376043185,31.205211103386063,-23.99385622232549,-2.981903435952205,34.93699779332786,-13.799493854793866,3.519571070580568,37.09559545729431,-13.426635185122052,-1.219104481104324,33.71835679664736,-14.69349945077994,0.2929887870385101
,,,,,,,,5.74253498284466,24.702276507095632,-5.059648308227253,8.444812795680349,27.51404715127498,-12.234488175001305,8.676222832222749,24.720344691386288,-11.206518061043283,,,,34.414163564022346,-25.68360513026869,1.7987558273928244,37.3203176158367,-11.781640548102333,4.663829597720735,33.356559310490155,-12.324090020271823,3.7055836725786255,,,
,,,,,,,,7.362543266677534,24.900397734811747,-3.410413268020463,10.166483329280284,31.515479843396776,-7.91589675759063,7.049167210193019,25.77694669507477,-11.373890589189584,,,,32.86226267711811,-26.46968177948105,-4.706002020481662,37.22190663645858,-11.476088920536682,-0.0554464274893291,33.50045627192631,-14.61678477941402,1.182814800195871,,,
