TD_Kneeadduction_1,TD_Kneeadduction_2,TD_Kneeadduction_3,TD_Kneeadduction_4,TO_Kneeadduction_1,TO_Kneeadduction_2,TO_Kneeadduction_3,TO_Kneeadduction_4,TD_Kneeflexion_1,TD_Hipflexion_1,TD_Ankledorsiflexion_1,TD_Kneeflexion_2,TD_Hipflexion_2,TD_Ankledorsiflexion_2,TD_Kneeflexion_3,TD_Hipflexion_3,TD_Ankledorsiflexion_3,TD_Kneeflexion_4,TD_Hipflexion_4,TD_Ankledorsiflexion_4,TO_Kneeflexion_1,TO_Hipflexion_1,TO_Ankledorsiflexion_1,TO_Kneeflexion_2,TO_Hipflexion_2,TO_Ankledorsiflexion_2,TO_Kneeflexion_3,TO_Hipflexion_3,TO_Ankledorsiflexion_3,TO_Kneeflexion_4,TO_Hipflexion_4,TO_Ankledorsiflexion_4
1.0172316266689163,3.7554842825523735,-2.0324833756750422,-0.2989660538424914,0.6687735249680031,-7.2918000135785235,-7.898806723633271,-16.40890239379658,,,,,,,,,,,,,,,,,,,,,,,,
1.2634737291885187,-1.6351271809559478,-4.623141150616732,,-0.8269894435416916,-10.518000951117044,-5.2915287610165365,,,,,,,,,,,,,,,,,,,,,,,,,
-0.5878907033113592,1.278704494036333,-0.6587194417824662,,-0.6939783809799849,0.791379732853585,-7.489753924101336,,,,,,,,,,,,,,,,,,,,,,,,,
,,,,,,,,7.557380351455151,22.966883120075863,7.075128456899606,4.582767169926058,25.857805802154928,11.16089594066284,2.689808118042692,27.196715577044955,11.620225814080442,1.282759168088262,24.160168201193045,12.29771485371458,30.375001219816426,-25.5761029748258,1.4492407887059071,34.54920987501467,-14.329112337382584,-4.447378255204427,37.23071397437161,-13.94706490067307,-1.1179622161443632,32.904935290304735,-16.266588626006296,-5.057170537475116
,,,,,,,,2.62336329690757,24.07859643172074,5.101122682432049,4.806605852346081,27.03712054337436,12.092606050054911,5.469325639303236,25.349334188382045,11.491701069311064,,,,33.64683629379698,-29.432195124851063,-3.831482506036636,36.979970681409725,-12.294343112154564,-8.380068403455752,32.605943833360016,-13.57875009265996,-7.215371910952214,,,
,,,,,,,,4.090072427305188,24.98506072998083,4.351838495430897,7.770452003926209,29.153816045833537,8.869646749501158,2.998298101832632,25.928300688690086,11.876181537959766,,,,32.5513283935351,-20.199297354665305,2.697528832651983,37.871961212614735,-11.725722268731973,-3.296099004315096,32.67818218475804,-16.501927930112515,-4.796729728022527,,,
