TD_Kneeadduction_1,TD_Kneeadduction_2,TD_Kneeadduction_3,TD_Kneeadduction_4,TO_Kneeadduction_1,TO_Kneeadduction_2,TO_Kneeadduction_3,TO_Kneeadduction_4,TD_Kneeflexion_1,TD_Hipflexion_1,TD_Ankledorsiflexion_1,TD_Kneeflexion_2,TD_Hipflexion_2,TD_Ankledorsiflexion_2,TD_Kneeflexion_3,TD_Hipflexion_3,TD_Ankledorsiflexion_3,TD_Kneeflexion_4,TD_Hipflexion_4,TD_Ankledorsiflexion_4,TO_Kneeflexion_1,TO_Hipflexion_1,TO_Ankledorsiflexion_1,TO_Kneeflexion_2,TO_Hipflexion_2,TO_Ankledorsiflexion_2,TO_Kneeflexion_3,TO_Hipflexion_3,TO_Ankledorsiflexion_3,TO_Kneeflexion_4,TO_Hipflexion_4,TO_Ankledorsiflexion_4
1.0172316266689163,3.7554842825523735,-2.0324833756750422,-0.2989660538424914,0.6687735249680031,-7.2918000135785235,-7.898806723633271,-16.40890239379658,,,,,,,,,,,,,,,,,,,,,,,,
1.2634737291885187,-1.6351271809559478,-4.623141150616732,,-0.8269894435416916,-10.518000951117044,-5.2915287610165365,,,,,,,,,,,,,,,,,,,,,,,,,
-0.5878907033113592,1.278704494036333,-0.6587194417824662,,-0.6939783809799849,0.791379732853585,-7.489753924101336,,,,,,,,,,,,,,,,,,,,,,,,,
,,,,,,,,3.811990855583105,21.810888315379856,7.826278707440565,1.7760806906945843,25.36501178232893,11.883758398898324,0.2185933661098431,27.557680055974885,11.35321356146666,-0.6445336384337566,24.526404276809583,13.789041507406054,29.04781691567445,-27.01396061606405,0.1515404769732953,34.08232874395881,-14.716626002702212,-5.276042676829277,37.20580300472503,-14.364261076251069,-3.040002837274585,31.912888568343615,-17.25915768729803,-10.14743897530046
,,,,,,,,-0.6814683330259186,22.588488936564342,5.13045714890248,1.3080392302327652,26.38413083629044,12.002940483876344,2.4691341089006187,25.676653407987715,11.510081594665422,,,,32.881397323106285,-32.3756354312639,-5.722028100542289,36.53145225193734,-12.562847890433972,-12.282952967211784,31.69764793574376,-14.68289286334428,-10.457286048051673,,,
,,,,,,,,0.6801552590267192,24.6784300657346,5.6937803444943,5.983231580028104,29.49381855392272,9.877023441529545,-0.5813101723300065,25.971956516835945,12.448422685382011,,,,31.673536864719186,-21.19433613591721,0.5832052957704121,37.99733343535064,-12.18548887849184,-6.4840055338842575,31.68495046044833,-18.200366884813207,-8.275190064658744,,,
