statistics,TD_Kneeadduction,TO_Kneeadduction,TD_Kneeflexion,TD_Hipflexion,TD_Ankledorsiflexion,TO_Kneeflexion,TO_Hipflexion,TO_Ankledorsiflexion
mean,2.0720296502016873,-2.5977911759695616,0.6934002166169885,25.07980355655307,8.623288048863474,30.2760473609484,-20.459644325228442,-1.4137120327412802
std,3.233825884328891,4.176938137192603,1.820887679544452,2.925841806465482,3.3708761853698395,4.455016938868872,4.866940584502204,3.7570032226837027
min,-2.8305374257979565,-12.435493314209538,-2.352813289219114,21.39957763305634,2.662483594607039,23.63961170291012,-29.997327925914107,-6.960747954566884
max,7.274114415823362,2.3773461556760083,2.7881227592042706,31.3565074492692,14.014714381385076,36.12578580909911,-14.088547385369084,4.907112647098032
range,10.104651841621319,14.812839469885546,5.140936048423384,9.95692981621286,11.352230786778037,12.486174106188994,15.908780540545022,11.867860601664916
