statistics,TD_Kneeadduction,TO_Kneeadduction,TD_Kneeflexion,TD_Hipflexion,TD_Ankledorsiflexion,TO_Kneeflexion,TO_Hipflexion,TO_Ankledorsiflexion
mean,2.072186177573092,-2.5978872784082108,3.09793345648693,24.860484485130524,-7.455769396764272,30.852018501457668,-19.57947335681678,-0.37561138558912327
std,3.2338217810034533,4.176720591908902,1.760965832242365,2.6810497525559005,3.212437952345262,3.811548480077947,4.59927335882901,3.5647900346836803
min,-2.830696895784058,-12.435287500853974,-0.3108750961781084,21.581170520368342,-12.30873836561345,23.871591368110927,-29.274111726758377,-6.436949907269934
max,7.273414169027831,2.3760512639067315,6.285839279449164,30.433466205144757,-2.3356099968603985,35.662896027694075,-13.752660888698784,4.912535938233631
range,10.104111064811889,14.811338764760706,6.596714375627273,8.852295684776415,9.973128368753052,11.791304659583147,15.521450838059593,11.349485845503565
