statistics,TD_Kneeadduction,TO_Kneeadduction,TD_Kneeflexion,TD_Hipflexion,TD_Ankledorsiflexion,TO_Kneeflexion,TO_Hipflexion,TO_Ankledorsiflexion
mean,1.8481753471194604,-2.658338733638537,5.672300957037767,24.25216892824787,-6.077448354647106,31.15703939874737,-19.729319485872377,-2.4118104431146308
std,3.0676115663215477,4.312973276908443,1.81621753530562,2.4825897125901264,2.970873723317848,3.481000774261227,6.305737225183334,3.4139449662016617
min,-2.4216050632661847,-12.822496124371042,2.1998172527510462,21.26713781675099,-11.557800526345943,23.743234883409517,-34.099192832877264,-7.849401976634425
max,7.4086016759085,3.004814565489113,9.322413460030589,29.237765492206734,-2.0113608068866,35.08264405175311,-13.280811620074587,2.5717093121213424
range,9.830206739174685,15.827310689860155,7.122596207279543,7.970627675455745,9.546439719459343,11.33940916834359,20.818381212802677,10.421111288755768
