statistics,TD_Kneeadduction,TO_Kneeadduction,TD_Kneeflexion,TD_Hipflexion,TD_Ankledorsiflexion,TO_Kneeflexion,TO_Hipflexion,TO_Ankledorsiflexion
mean,2.0720296502016873,-2.5977911759695616,3.096644382646202,24.8607927488825,7.4566170574967,30.85174817783239,-19.57992272304003,0.3744263686258715
std,3.233825884328891,4.176938137192603,1.7610744150782884,2.6810809274876988,3.212511859895709,3.81172504851911,4.599391635440253,3.5649741260277534
min,-2.8305374257979565,-12.435493314209538,-0.3121038914193832,21.581321406930243,2.335903722348561,23.871543736429743,-29.274382084232457,-4.913661925466215
max,7.274114415823362,2.3773461556760083,6.28406905085555,30.43387747068056,12.30899901804267,35.6631253962135,-13.752826327395468,6.436422947300116
range,10.104651841621319,14.812839469885546,6.596172942274933,8.852556063750317,9.973095295694108,11.791581659783759,15.521555756836989,11.350084872766331
