TD_Kneeadduction_1,TD_Kneeadduction_2,TD_Kneeadduction_3,TD_Kneeadduction_4,TO_Kneeadduction_1,TO_Kneeadduction_2,TO_Kneeadduction_3,TO_Kneeadduction_4,TD_Kneeflexion_1,TD_Hipflexion_1,TD_Ankledorsiflexion_1,TD_Kneeflexion_2,TD_Hipflexion_2,TD_Ankledorsiflexion_2,TD_Kneeflexion_3,TD_Hipflexion_3,TD_Ankledorsiflexion_3,TD_Kneeflexion_4,TD_Hipflexion_4,TD_Ankledorsiflexion_4,TO_Kneeflexion_1,TO_Hipflexion_1,TO_Ankledorsiflexion_1,TO_Kneeflexion_2,TO_Hipflexion_2,TO_Ankledorsiflexion_2,TO_Kneeflexion_3,TO_Hipflexion_3,TO_Ankledorsiflexion_3,TO_Kneeflexion_4,TO_Hipflexion_4,TO_Ankledorsiflexion_4
0.1576098721004655,2.229351179936941,1.9576500823871184,7.4086016759085,3.004814565489113,-1.3787471000825633,-4.722799826429224,-8.221134786914575,,,,,,,,,,,,,,,,,,,,,,,,
-2.4216050632661847,3.967795688078837,-2.290299839179653,1.2746731558335682,1.7877137666097838,-0.2486036882576172,-12.822496124371042,-2.022247514498332,,,,,,,,,,,,,,,,,,,,,,,,
2.479765939140947,4.625487414752115,4.625277998075603,-1.8362039383347335,-0.7447799921227727,-2.1571482775162565,-1.1728647832445347,-3.201771042324424,,,,,,,,,,,,,,,,,,,,,,,,
,,,,,,,,5.260746910849036,22.56319649264128,-4.2929101507205445,7.155095862691127,26.576796977903967,-8.70874351834982,5.9655104070587015,24.27823510440845,-7.536872161146192,6.393435030921353,29.237765492206734,-11.557800526345943,23.743234883409517,-28.035824180204685,-0.900965193418756,33.30628836446894,-14.9333078758427,-4.452634391976375,34.80082562325887,-14.494410820885092,-7.849401976634425,29.28240509408485,-17.48165333310297,-6.677503465170773
,,,,,,,,5.118815869169254,21.94617352660174,-2.0113608068866,5.618757869906233,21.26713781675099,-7.384375639982039,5.757667508574201,24.66379761869942,-3.666011961964841,3.2213845676398023,22.045459334761603,-4.407517609618154,32.82940193765725,-21.179793143273717,0.4376589321830835,32.939048674324795,-16.61624773898845,-5.643780246806273,34.57527669115791,-16.76315978058642,-2.502089974145832,28.32272454721459,-16.955697132561482,-0.0019481988276623
,,,,,,,,9.322413460030589,26.86304356981995,-2.3626301965859824,5.20403468066101,23.12083350285195,-4.976261886020097,6.849932064200857,26.144637941250977,-6.358849434823512,2.1998172527510462,22.31894976107739,-9.66604636332154,28.4004584435323,-25.36770210551333,2.1899340906129368,28.46378071093952,-34.099192832877264,2.5717093121213424,35.08264405175311,-13.280811620074587,-4.233422062982427,32.13838376316676,-17.544033266557847,-1.8792821423304105
