TD_Kneeadduction_1,TD_Kneeadduction_2,TD_Kneeadduction_3,TD_Kneeadduction_4,TO_Kneeadduction_1,TO_Kneeadduction_2,TO_Kneeadduction_3,TO_Kneeadduction_4,TD_Kneeflexion_1,TD_Hipflexion_1,TD_Ankledorsiflexion_1,TD_Kneeflexion_2,TD_Hipflexion_2,TD_Ankledorsiflexion_2,TD_Kneeflexion_3,TD_Hipflexion_3,TD_Ankledorsiflexion_3,TD_Kneeflexion_4,TD_Hipflexion_4,TD_Ankledorsiflexion_4,TO_Kneeflexion_1,TO_Hipflexion_1,TO_Ankledorsiflexion_1,TO_Kneeflexion_2,TO_Hipflexion_2,TO_Ankledorsiflexion_2,TO_Kneeflexion_3,TO_Hipflexion_3,TO_Ankledorsiflexion_3,TO_Kneeflexion_4,TO_Hipflexion_4,TO_Ankledorsiflexion_4
0.078232986802277,2.823592190612516,2.576892112660772,7.274114415823362,2.3773461556760083,-2.051630988116869,-4.413551417927778,-7.917282197619073,,,,,,,,,,,,,,,,,,,,,,,,
-2.8305374257979565,4.411810645630794,-2.3745570886165126,1.3748944683989637,1.8850079377008055,-0.2731486055589869,-12.435493314209538,-1.7862227721865906,,,,,,,,,,,,,,,,,,,,,,,,
3.052062464956549,5.154898337668271,5.023600908308083,-1.7006482140268702,-0.2617918341138079,-2.2613772550691067,-0.2728157191595812,-3.762534101050221,,,,,,,,,,,,,,,,,,,,,,,,
,,,,,,,,2.434013695144557,22.884430844828216,6.386971106357748,4.400625514592349,27.6556669477078,9.843739634054243,3.742691718335436,24.91922233953551,9.416658966144922,4.586931473227565,30.43387747068056,12.30899901804267,23.871543736429743,-29.274382084232457,-0.5015545001700161,33.1792323397361,-16.291262243472858,2.787338585616766,34.89762805315249,-15.195897581049792,6.436422947300116,27.02808353920525,-20.00032433298952,4.857865356773331
,,,,,,,,2.257904452165093,22.02957341249669,2.335903722348561,2.6898417042137908,21.581321406930243,9.674483108791136,3.818313005066216,25.896595001582256,4.309566270984448,1.7322327131815882,23.54908646782729,5.647546894727881,32.28374617443782,-22.311268088870577,-1.8283323916434,33.26951704931949,-16.687581751430173,3.56710693469499,34.51357570099859,-17.237766847296484,-0.7036258335751455,29.138356248345985,-17.380122278747365,-2.1813415259871505
,,,,,,,,6.28406905085555,26.850052585606875,3.751853967474844,1.3336849845625522,22.77060793924943,6.265447384779506,4.1915281718291055,26.668282398424736,7.631838972368115,-0.3121038914193832,23.0907961717204,11.906395643886327,27.403875680674645,-26.30849580281369,-3.9479634360749856,27.069133542661007,-21.30859541097894,-4.913661925466215,35.6631253962135,-13.752826327395468,2.3258672062016075,31.903160672814067,-19.21054992720306,-1.405004994159441
