statistics,TD_Kneeadduction,TO_Kneeadduction,TD_Kneeflexion,TD_Hipflexion,TD_Ankledorsiflexion,TO_Kneeflexion,TO_Hipflexion,TO_Ankledorsiflexion
mean,5.345887936784592,-9.072863728133669,-2.903789015714645,19.464757143343313,2.7521456405005695,29.918756686607164,-23.40900376527624,-4.779697072844938
std,1.567603856134564,3.0801740531870716,1.437061316394996,3.111278705661817,2.1919618101811267,3.174845809676515,5.217666303289057,2.991734008988922
min,3.854943911516187,-15.40704674076045,-4.856564143251063,15.120332919476198,-0.4394466126711762,25.33201866290929,-29.986682444649773,-8.132095730556983
max,7.363235341857887,-6.005899704399496,-0.7727045220556761,24.714976096505865,7.3114013865271374,33.66901378711526,-13.9721383274329,-0.4370534435002895
range,3.5082914303417003,9.401147036360953,4.083859621195387,9.594643177029667,7.750847999198314,8.33699512420597,16.01454411721687,7.695042287056694
