statistics,TD_Kneeadduction,TO_Kneeadduction,TD_Kneeflexion,TD_Hipflexion,TD_Ankledorsiflexion,TO_Kneeflexion,TO_Hipflexion,TO_Ankledorsiflexion
mean,5.345797927511452,-9.072540843604443,-0.19906166731713312,19.44988922339795,-2.1551567865865535,31.30265855406756,-21.982556213233824,2.2960853205428484
std,1.5676884784643967,3.080162881554354,1.3355356694292597,2.7363152503540444,2.154572488272799,2.9847586510951016,5.200641560962504,2.308445947524202
min,3.85484133918942,-15.406857126044116,-2.1414708878463955,15.159228597454046,-6.215724298767043,26.35106759972029,-28.03875543381633,-1.511154459596014
max,7.363305579975218,-6.005327231075512,1.5495341871916537,24.1537263609668,1.2980120274999791,34.69834459258854,-12.569976274304024,4.736195410248655
range,3.5084642407857975,9.401529894968604,3.691005075038049,8.994497763512754,7.513736326267022,8.347276992868249,15.468779159512307,6.247349869844669
