statistics,TD_Kneeadduction,TO_Kneeadduction,TD_Kneeflexion,TD_Hipflexion,TD_Ankledorsiflexion,TO_Kneeflexion,TO_Hipflexion,TO_Ankledorsiflexion
mean,5.345887936784592,-9.072863728133669,-0.20079086177098304,19.44994689149823,2.1556344471150424,31.301828667595586,-21.983446371060435,-2.2979442293027272
std,1.567603856134564,3.0801740531870716,1.3353471366883742,2.736534385319586,2.154530130696462,2.9847856608496617,5.200669723200971,2.3090113369734095
min,3.854943911516187,-15.40704674076045,-2.143585398982424,15.159246896849451,-1.2975708544811226,26.350671465929796,-28.039054345468656,-4.738220852330599
max,7.363235341857887,-6.005899704399496,1.5473200282605148,24.154237437957704,6.216235332790902,34.69761801558275,-12.570794649424386,1.509512621678084
range,3.5082914303417003,9.401147036360953,3.6909054272429387,8.994990541108253,7.513806187272024,8.346946549652952,15.46825969604427,6.247733474008683
