statistics,TD_Kneeadduction,TO_Kneeadduction,TD_Kneeflexion,TD_Hipflexion,TD_Ankledorsiflexion,TO_Kneeflexion,TO_Hipflexion,TO_Ankledorsiflexion
mean,5.284160658575502,-8.924803165387939,3.024597292462289,19.425728765946598,-1.5823473312068628,32.23730095770668,-20.493593980854737,-0.5802637374059398
std,1.413948057028271,3.0796478852967843,1.4797897131486153,2.4985004015774996,2.0236999498955988,2.7485961317601877,5.008737166430124,1.6586913846032927
min,3.788164928222841,-15.298623156540827,0.753729987493216,15.1165027478944,-4.985676161849582,27.18799799578332,-26.814545185608893,-3.661301023158188
max,7.122467364526045,-5.950795985058022,4.875513581203819,23.603858858293933,1.7012924274715857,35.214135532525944,-11.5088018468401,1.2082571765584618
range,3.3343024363032043,9.347827171482805,4.121783593710603,8.487356110399533,6.686968589321168,8.026137536742624,15.305743338768792,4.86955819971665
