TD_Kneeadduction_1,TD_Kneeadduction_2,TD_Kneeadduction_3,TD_Kneeadduction_4,TO_Kneeadduction_1,TO_Kneeadduction_2,TO_Kneeadduction_3,TO_Kneeadduction_4,TD_Kneeflexion_1,TD_Hipflexion_1,TD_Ankledorsiflexion_1,TD_Kneeflexion_2,TD_Hipflexion_2,TD_Ankledorsiflexion_2,TO_Kneeflexion_1,TO_Hipflexion_1,TO_Ankledorsiflexion_1,TD_Kneeflexion_3,TD_Hipflexion_3,TD_Ankledorsiflexion_3,TD_Kneeflexion_4,TD_Hipflexion_4,TD_Ankledorsiflexion_4,TO_Kneeflexion_2,TO_Hipflexion_2,TO_Ankledorsiflexion_2,TO_Kneeflexion_3,TO_Hipflexion_3,TO_Ankledorsiflexion_3,TO_Kneeflexion_4,TO_Hipflexion_4,TO_Ankledorsiflexion_4
7.108676732247318,7.205731802079072,4.168499769777924,4.446688129371353,-7.042301810336397,-6.005899704399496,-6.195398818318836,-10.279618660766062,,,,,,,,,,,,,,,,,,,,,,,,
3.854943911516187,4.297394315982871,4.321933491444128,7.363235341857887,-7.912496813291995,-10.32139419472054,-15.40704674076045,-9.418753082475575,,,,,,,,,,,,,,,,,,,,,,,,
,,,,,,,,-1.865835513654048,15.159246896849451,1.224979704851222,0.054694368479403,19.861809938539608,6.216235332790902,26.350671465929796,-28.039054345468656,0.455908811587463,,,,,,,,,,,,,,,
,,,,,,,,1.5473200282605148,16.755400999471277,0.4892259461404933,0.5212205753653905,17.291393605427885,2.423481911569098,30.74098209393574,-25.751861151563816,1.509512621678084,0.282931730352459,22.127460132049805,1.2200153200384705,-2.143585398982424,24.154237437957704,0.5384237830630809,32.17331111338254,-22.59375096187918,-2.531830101805596,32.83357896387432,-21.42816814420664,-4.505937009068262,34.69761801558275,-12.570794649424386,-4.496398853406674
,,,,,,,,0.7713304358111088,18.62383357406179,-1.2975708544811226,-0.6804387393414402,18.979524423012407,3.415497842490666,27.484144738579147,-27.9941034571016,-1.5519305110601067,1.243131785388016,22.03666989230024,3.5454730902232825,-1.7386778893888106,19.50989201531212,3.780582394464332,29.60981916451456,-23.652209251831096,-0.9498789823630744,34.51738334965731,-19.348527640815547,-4.738220852330599,33.30894910290414,-16.472547737252995,-3.872723186955781
