TD_Kneeadduction_1,TD_Kneeadduction_2,TD_Kneeadduction_3,TD_Kneeadduction_4,TO_Kneeadduction_1,TO_Kneeadduction_2,TO_Kneeadduction_3,TO_Kneeadduction_4,TD_Kneeflexion_1,TD_Hipflexion_1,TD_Ankledorsiflexion_1,TD_Kneeflexion_2,TD_Hipflexion_2,TD_Ankledorsiflexion_2,TO_Kneeflexion_1,TO_Hipflexion_1,TO_Ankledorsiflexion_1,TD_Kneeflexion_3,TD_Hipflexion_3,TD_Ankledorsiflexion_3,TD_Kneeflexion_4,TD_Hipflexion_4,TD_Ankledorsiflexion_4,TO_Kneeflexion_2,TO_Hipflexion_2,TO_Ankledorsiflexion_2,TO_Kneeflexion_3,TO_Hipflexion_3,TO_Ankledorsiflexion_3,TO_Kneeflexion_4,TO_Hipflexion_4,TO_Ankledorsiflexion_4
6.888046289235064,7.122467364526045,4.101146852104279,4.583406614886741,-6.745002648996945,-5.950795985058022,-6.013928417759132,-10.320149597363866,,,,,,,,,,,,,,,,,,,,,,,,
3.788164928222841,4.402301081685749,4.510463160310053,6.877288977633242,-8.31666375534516,-10.072861385046195,-15.298623156540827,-8.680400376993362,,,,,,,,,,,,,,,,,,,,,,,,
,,,,,,,,0.753729987493216,15.1165027478944,-0.3724751637503374,2.802739774397594,19.65863390375733,-4.985676161849582,27.18799799578332,-26.814545185608893,-2.2710490507842,,,,,,,,,,,,,,,
,,,,,,,,4.569191464502268,16.92750729031593,0.1668405772555701,4.165945566333562,17.632549827163928,-1.9776627659426824,32.18330650152657,-23.86712748484504,-3.661301023158188,3.45083174893324,21.740413376134683,-0.7473841480690453,1.0129431437810013,23.603858858293933,-0.2989480868442769,33.52366699917425,-20.91064422643109,-0.2171603136430491,33.32176751546507,-20.25947167914154,0.6278977952281508,35.214135532525944,-11.5088018468401,1.2082571765584618
,,,,,,,,4.875513581203819,19.35163648877557,1.7012924274715857,3.0906326273325817,19.175883493075982,-2.5475373969729134,28.803116810432957,-25.77635278019835,-0.7415385566552715,3.990459299511457,21.70886477303185,-3.196978277525204,1.5339857311341518,19.341436901022377,-3.5649443158417427,31.01721608551415,-22.259545952454857,-1.6453148439702543,34.78987593254507,-18.23329372241841,1.076099678886962,34.09462524639275,-14.812562949754351,0.4017355008839303
