TD_Kneeadduction_1,TD_Kneeadduction_2,TD_Kneeadduction_3,TD_Kneeadduction_4,TO_Kneeadduction_1,TO_Kneeadduction_2,TO_Kneeadduction_3,TO_Kneeadduction_4,TD_Kneeflexion_1,TD_Hipflexion_1,TD_Ankledorsiflexion_1,TD_Kneeflexion_2,TD_Hipflexion_2,TD_Ankledorsiflexion_2,TO_Kneeflexion_1,TO_Hipflexion_1,TO_Ankledorsiflexion_1,TD_Kneeflexion_3,TD_Hipflexion_3,TD_Ankledorsiflexion_3,TD_Kneeflexion_4,TD_Hipflexion_4,TD_Ankledorsiflexion_4,TO_Kneeflexion_2,TO_Hipflexion_2,TO_Ankledorsiflexion_2,TO_Kneeflexion_3,TO_Hipflexion_3,TO_Ankledorsiflexion_3,TO_Kneeflexion_4,TO_Hipflexion_4,TO_Ankledorsiflexion_4
7.108688051624341,7.205711376138879,4.1684812618289016,4.446299719558027,-7.04217406305915,-6.005327231075512,-6.195360273197736,-10.278483068051884,,,,,,,,,,,,,,,,,,,,,,,,
3.85484133918942,4.2972854163485295,4.321770675428297,7.363305579975218,-7.9121722867319875,-10.321277590046009,-15.406857126044116,-9.418675110629152,,,,,,,,,,,,,,,,,,,,,,,,
,,,,,,,,-1.86504363365529,15.159228597454046,-1.2244828089377933,0.0554592934339268,19.861679365752053,-6.215724298767043,26.35106759972029,-28.03875543381633,-0.4565226910791722,,,,,,,,,,,,,,,
,,,,,,,,1.5495341871916537,16.755531234602415,-0.4883668728740531,0.5237799533735767,17.29157252540054,-2.423040466967592,30.742392307469856,-25.750440943999,-1.511154459596014,0.2849533901157315,22.12706017344729,-1.2194482047353716,-2.1414708878463955,24.1537263609668,-0.5380672845315075,32.17474777092485,-22.59240559126397,2.5297145397479426,32.834256427303416,-21.42727836173796,4.502700053661144,34.69834459258854,-12.569976274304024,4.493841186445934
,,,,,,,,0.7737331875228222,18.6244460615047,1.2980120274999791,-0.6786772185929522,18.979543329202016,-3.414932021054625,27.4849997201344,-27.992963372871458,1.5507262369486057,1.2442722006112774,22.036405741393622,-3.5451485353323307,-1.737157145325682,19.509698844256008,-3.780369400165199,29.61083231858385,-23.65158200795236,0.948451070348213,34.5177255838486,-19.34797273579295,4.736195410248655,33.30956066603426,-16.471631197366378,3.870816538160327
