statistics,TD_Kneeflexion,TD_Hipflexion,TD_Ankledorsiflexion,TO_Kneeflexion,TO_Hipflexion,TO_Ankledorsiflexion,TD_Kneeadduction,TO_Kneeadduction
mean,1.2848032275390888,23.967786914338465,0.5434862444839723,39.1268216986117,-13.999235447339984,8.739910339874633,4.467678688865663,-7.702414626278345
std,2.3960998290767614,4.732488718597479,1.2623900797809455,5.8400527503012505,7.744379894454367,1.6786527488071608,1.2846980660978515,2.1522302256215595
min,-2.41107082449156,16.384845793283233,-1.5409142961472495,30.517794337062952,-23.960626279694253,6.087264087047828,2.0687534645014125,-13.23160039286904
max,5.20919444983204,31.667168766270063,2.281831130503207,48.90291583660442,-0.7275871450367788,11.36719585413313,5.9925736653116815,-4.660833294551821
range,7.6202652743236,15.28232297298683,3.8227454266504566,18.38512149954147,23.233039134657474,5.279931767085301,3.923820200810269,8.57076709831722
