statistics,TD_Kneeadduction,TO_Kneeadduction,TD_Kneeflexion,TD_Hipflexion,TD_Ankledorsiflexion,TO_Kneeflexion,TO_Hipflexion,TO_Ankledorsiflexion
mean,5.9722461336922805,-7.822782457733084,1.2850261912981746,23.967723705043195,-0.5435127837414852,39.12674582913845,-13.999248980946552,-8.739571736515797
std,1.4853021423051564,2.3830683819304213,2.3963312788632716,4.73229758076033,1.2623889757121851,5.839763979106353,7.7442235271890985,1.678367430091619
min,3.151592579196631,-13.525391964223502,-2.411475875285788,16.384677963776,-2.281675723492725,30.51947199789953,-23.95906831445643,-11.3677902617016
max,7.990140085855387,-3.233525918413932,5.209008568549876,31.666165286307542,1.5408463691715042,48.90179856172935,-0.7279825170529648,-6.087762496359787
range,4.838547506658756,10.29186604580957,7.6204844438356645,15.281487322531543,3.8225220926642294,18.38232656382982,23.231085797403466,5.2800277653418135
