statistics,TD_Kneeadduction,TO_Kneeadduction,TD_Kneeflexion,TD_Hipflexion,TD_Ankledorsiflexion,TO_Kneeflexion,TO_Hipflexion,TO_Ankledorsiflexion
mean,5.723055653270518,-8.123019604468135,3.406017587653359,23.51432759510369,0.8205399711853806,38.82977504467055,-13.57114727957334,6.033340246568482
std,1.4404812194605698,2.3607900473773404,2.1586154164603184,4.290325554178666,1.1667703192927734,4.897574756826625,7.062949958962413,1.5547151359750233
min,3.1846923857650893,-14.086486761880591,-0.0844722718312596,16.98366263317297,-1.484472045849941,32.224818013182784,-22.03100779036185,3.8284786069955743
max,7.696025062960302,-3.985264853023068,6.642464625249033,30.47091743943909,2.596196929825723,47.39092765731462,-0.9997684725410352,8.641346869767688
range,4.511332677195213,10.101221908857523,6.726936897080293,13.487254806266122,4.080668975675664,15.166109644131836,21.031239317820816,4.812868262772113
