statistics,TD_Kneeadduction,TO_Kneeadduction,TD_Kneeflexion,TD_Hipflexion,TD_Ankledorsiflexion,TO_Kneeflexion,TO_Hipflexion,TO_Ankledorsiflexion
mean,5.9722461336922805,-7.822782457733084,-0.26383648199194215,24.424658554854854,-0.14559298675192286,38.99339694886327,-14.4849134590973,-10.983972479529006
std,1.4853021423051564,2.3830683819304213,2.7280441955531716,5.308339109504022,1.3198839693145386,6.779770524465237,8.4101485620422,1.799692041579236
min,3.151592579196631,-13.525391964223502,-4.10686567863155,15.71037913827118,-1.772466645645963,28.65743004271843,-25.740076913009943,-14.074971734366471
max,7.990140085855387,-3.233525918413932,4.456198884816786,32.98654330914957,2.2351236594850548,50.080364328519295,-0.5898699639226095,-7.867487606944039
range,4.838547506658756,10.29186604580957,8.563064563448336,17.27616417087839,4.007590305131018,21.422934285800864,25.150206949087334,6.207484127422433
