TD_Kneeflexion_1,TD_Hipflexion_1,TD_Ankledorsiflexion_1,TD_Kneeflexion_2,TD_Hipflexion_2,TD_Ankledorsiflexion_2,TD_Kneeflexion_3,TD_Hipflexion_3,TD_Ankledorsiflexion_3,TD_Kneeflexion_4,TD_Hipflexion_4,TD_Ankledorsiflexion_4,TO_Kneeflexion_1,TO_Hipflexion_1,TO_Ankledorsiflexion_1,TO_Kneeflexion_2,TO_Hipflexion_2,TO_Ankledorsiflexion_2,TO_Kneeflexion_3,TO_Hipflexion_3,TO_Ankledorsiflexion_3,TO_Kneeflexion_4,TO_Hipflexion_4,TO_Ankledorsiflexion_4,TD_Kneeadduction_1,TD_Kneeadduction_2,TD_Kneeadduction_3,TD_Kneeadduction_4,TO_Kneeadduction_1,TO_Kneeadduction_2,TO_Kneeadduction_3,TO_Kneeadduction_4
1.4547069165437847,18.482089683505905,-1.5409142961472495,3.2177075705535287,26.958345562935506,0.4087060109836642,-0.9562913345187098,24.53002625562988,1.494930866602985,4.3814703368873325,31.667168766270063,-0.0877864214324972,30.517794337062952,-23.960626279694253,10.841442351212606,40.58409178168668,-16.529836883053633,8.373852320408716,39.99189840576554,-10.326480536976362,9.040819108265538,48.90291583660442,-0.7275871450367788,8.327529929430952,,,,,,,,
-1.4103980623461323,17.998758819180523,2.281831130503207,5.20919444983204,26.26043227713231,0.572431901091548,2.157030521117946,26.27958015784975,1.986463638013234,2.446495950322173,29.24626839483949,1.7657632513453478,33.26301630937084,-21.935521323698797,8.268823150380868,39.39771363645954,-17.561012895696592,10.523342450953052,40.99449692817626,-11.658542897872309,11.36719585413313,44.449812735812856,-4.63935497970985,9.739579808241686,,,,,,,,
-0.4072437655756289,16.384845793283233,0.2500677849932486,2.119458825375517,23.668095550298855,-0.409795906230471,-2.41107082449156,20.382932623151788,-1.4117304247686349,-0.3834218532312263,25.754899087984256,1.2118673988532862,33.43383298967626,-20.29770653748747,6.564305514251885,32.14983534116976,-21.125598834226796,8.768508448499446,39.278787787110105,-15.393638680228833,6.087264087047828,46.55766429444512,-3.834918374398143,6.976261055669895,,,,,,,,
,,,,,,,,,,,,,,,,,,,,,,,,3.704129865000681,2.7430279277217267,5.53683502846809,3.776003382745955,-6.751290026640021,-6.030889853449821,-8.391828367891605,-6.975681399932796
,,,,,,,,,,,,,,,,,,,,,,,,5.666411463162177,5.933846321835432,5.355602644624128,4.658984004962917,-6.239033688814203,-9.240142137466194,-8.515524414455399,-13.23160039286904
,,,,,,,,,,,,,,,,,,,,,,,,4.400967657801971,5.9925736653116815,3.775008840251786,2.0687534645014125,-7.800136108335323,-4.660833294551821,-7.974516233252842,-6.617499597681075
