TD_Kneeadduction_1,TD_Kneeadduction_2,TD_Kneeadduction_3,TD_Kneeadduction_4,TO_Kneeadduction_1,TO_Kneeadduction_2,TO_Kneeadduction_3,TO_Kneeadduction_4,TD_Kneeflexion_1,TD_Hipflexion_1,TD_Ankledorsiflexion_1,TD_Kneeflexion_2,TD_Hipflexion_2,TD_Ankledorsiflexion_2,TD_Kneeflexion_3,TD_Hipflexion_3,TD_Ankledorsiflexion_3,TD_Kneeflexion_4,TD_Hipflexion_4,TD_Ankledorsiflexion_4,TO_Kneeflexion_1,TO_Hipflexion_1,TO_Ankledorsiflexion_1,TO_Kneeflexion_2,TO_Hipflexion_2,TO_Ankledorsiflexion_2,TO_Kneeflexion_3,TO_Hipflexion_3,TO_Ankledorsiflexion_3,TO_Kneeflexion_4,TO_Hipflexion_4,TO_Ankledorsiflexion_4
5.257928320867478,7.990140085855387,5.761981789707335,4.300224497812422,-7.957228989116231,-3.233525918413932,-9.330568923168698,-8.199646317981035,,,,,,,,,,,,,,,,,,,,,,,,
4.388028541746877,3.151592579196631,6.770369726975389,5.771904540853655,-6.453863207036051,-7.727921937377232,-8.038614303868314,-5.895821699541727,,,,,,,,,,,,,,,,,,,,,,,,
7.136690707809777,7.688804156187217,7.090468762481777,6.358819894813422,-7.104022753829327,-8.256160414634735,-8.150623063606218,-13.525391964223502,,,,,,,,,,,,,,,,,,,,,,,,
,,,,,,,,-0.407759262242422,16.384677963776,-0.2499692827812367,2.119061472524635,23.668283097337223,0.4099701543775467,-2.411475875285788,20.383082884349903,1.412025075277242,-0.3836885200023801,25.755064049214525,-1.2117222292969956,33.433402150616786,-20.298088601794237,-6.564863576617597,32.14959686310087,-21.12584249837369,-8.769065694628353,39.27883288709489,-15.393749623320872,-6.087762496359787,46.55775967972184,-3.834874732679936,-6.976899308628717
,,,,,,,,-1.4109837161511225,17.99875811218334,-2.281675723492725,5.209008568549876,26.26060464753777,-0.572333569977431,2.156932948668725,26.27986436382335,-1.9863602756390009,2.4461761235168358,29.24636507454548,-1.765684891286213,33.262730239615564,-21.935842621824293,-8.269502365440971,39.39785250762205,-17.56108485604409,-10.52389946992507,40.99471518765756,-11.65839853214257,-11.3677902617016,44.45005778805589,-4.639194877094866,-9.740173282019654
,,,,,,,,1.4566991361089947,18.482502212725706,1.5408463691715042,3.2192147071597788,26.95755987156352,-0.4090384490469745,-0.9551545695639448,24.52975689715396,-1.4953652308584822,4.382283282294907,31.666165286307542,0.0871546486549448,30.51947199789953,-23.95906831445643,-10.838710915266574,40.5834865391534,-16.52984586835683,-8.371643171302864,39.99124554739359,-10.327014728217849,-9.039282475832366,48.90179856172935,-0.7279825170529648,-8.32526782046601
