TD_Kneeadduction_1,TD_Kneeadduction_2,TD_Kneeadduction_3,TD_Kneeadduction_4,TO_Kneeadduction_1,TO_Kneeadduction_2,TO_Kneeadduction_3,TO_Kneeadduction_4,TD_Kneeflexion_1,TD_Hipflexion_1,TD_Ankledorsiflexion_1,TD_Kneeflexion_2,TD_Hipflexion_2,TD_Ankledorsiflexion_2,TD_Kneeflexion_3,TD_Hipflexion_3,TD_Ankledorsiflexion_3,TD_Kneeflexion_4,TD_Hipflexion_4,TD_Ankledorsiflexion_4,TO_Kneeflexion_1,TO_Hipflexion_1,TO_Ankledorsiflexion_1,TO_Kneeflexion_2,TO_Hipflexion_2,TO_Ankledorsiflexion_2,TO_Kneeflexion_3,TO_Hipflexion_3,TO_Ankledorsiflexion_3,TO_Kneeflexion_4,TO_Hipflexion_4,TO_Ankledorsiflexion_4
5.358688302878619,7.696025062960302,5.424757277392587,3.597315651875192,-8.315869206212739,-3.985264853023068,-9.160204664270566,-8.091990730662161,,,,,,,,,,,,,,,,,,,,,,,,
4.423318788618701,3.1846923857650893,6.682276391952627,5.300288292411096,-6.879769389430265,-7.41848214775257,-8.489430884855722,-6.458867779337197,,,,,,,,,,,,,,,,,,,,,,,,
6.775414477011793,7.263067974587557,6.88466862138722,6.086154612405437,-6.978278696147356,-9.205960990881294,-8.405629149164099,-14.086486761880591,,,,,,,,,,,,,,,,,,,,,,,,
,,,,,,,,2.153738482078438,16.98366263317297,0.594863323140288,4.18916167476857,22.84293725552459,0.1903352608876645,-0.0844722718312596,19.85053952971901,-0.6712369866673527,1.41243777455054,25.255513917185027,1.5327897921939524,34.656735039458454,-18.87960169396408,4.258792100027904,32.78250126487063,-20.07742527424719,6.148921569424573,38.81215396773092,-14.845151242867727,3.8284786069955743,45.88978004198202,-3.92103504092168,4.216166695266992
,,,,,,,,1.5025911053290315,18.01499627801283,2.596196929825723,6.642464625249033,25.55471791031053,0.5980850815661825,3.2967050104992097,25.24304055547276,1.9619467793796872,4.435751654701079,28.90891012436049,1.8685177591533064,34.15021436299665,-20.54439595123665,5.3960693741261565,38.4616849291335,-17.24713059631941,8.082922668125235,39.88305254601187,-12.008657409614074,8.641346869767688,43.25528693133765,-5.01050092226285,7.022877560106764
,,,,,,,,4.184477670693809,18.84953260728224,-1.484472045849941,5.7724611023247405,25.88928446709727,0.5565030340469406,1.297392256088898,24.30787842366746,1.6435596308863438,6.06950196738822,30.47091743943909,0.4593910956617719,32.224818013182784,-22.03100779036185,7.298926244992629,39.40002958346975,-16.472453704036212,5.502543414612859,39.050116198557646,-10.81663925650733,6.704851233390102,47.39092765731462,-0.9997684725410352,5.298186621985309
